,layer_id,name,D,M,N,Q,alpha,alpha_weighted,entropy,has_esd,lambda_max,layer_type,log_alpha_norm,log_norm,log_spectral_norm,longname,matrix_rank,norm,num_evals,num_pl_spikes,rank_loss,rf,sigma,spectral_norm,stable_rank,status,sv_max,sv_min,warning,weak_rank_loss,xmax,xmin
0,6,Linear,0.028093895899922172,4096,4096,1.0,2.4844375607529496,7.379986215097497,0.9474708045390993,True,934.298,dense,7.410377723262145,3.7233124,2.9704857,model.layers.0.self_attn.q_proj,2826,5288.2534,4096,131,1270,1,0.1296959118689868,934.298,5.6601357,success,30.566287994384766,3.5219497362959373e-07,,476,934.2979736328125,7.971736907958984
1,7,Linear,0.04557682588387246,1024,4096,4.0,2.6451699168017244,6.6785749923711,0.7961722312689049,True,334.82568,dense,6.738501560022942,3.4452996,2.524819,model.layers.0.self_attn.k_proj,1012,2788.0437,1024,25,12,1,0.3290339833603449,334.82568,8.326851,success,18.298242568969727,0.0021529952064156532,,0,334.82568359375,18.679044723510742
2,8,Linear,0.03494480394965438,1024,4096,4.0,4.546347376308051,1.6391273585831876,1.0082968500603926,True,2.293703,dense,1.8142643257816822,2.250005,0.3605372,model.layers.0.self_attn.v_proj,1024,177.82986,1024,108,0,1,0.34124743539189606,2.293703,77.529594,success,1.5144976377487183,0.06248927116394043,,0,2.293703079223633,0.35591980814933777
3,9,Linear,0.010600925733549982,4096,4096,1.0,3.6784390280982104,4.809266564541743,1.122551944454583,True,20.296469,dense,4.848473248776453,2.9668548,1.3074205,model.layers.0.self_attn.o_proj,4069,926.51935,4096,270,27,1,0.16300460828795593,20.296469,45.64929,success,4.505160331726074,3.992148776887916e-05,,13,20.29646873474121,0.7986854314804077
4,12,Linear,0.021453480111215284,4096,14336,3.5,3.0547811778731537,5.823903480275418,1.1692753006615484,True,80.62839,dense,6.169565197983217,3.8961477,1.906488,model.layers.0.mlp.gate_proj,4096,7873.1333,4096,1092,0,1,0.06218050712292323,80.62839,97.64716,success,8.979331016540527,0.12399400025606155,,0,80.62838745117188,2.1611881256103516
5,13,Linear,0.034695797925607286,4096,14336,3.5,4.060599448332295,5.771218879478256,1.190837453492849,True,26.379864,dense,6.074851489912179,3.81148,1.4212726,model.layers.0.mlp.up_proj,4096,6478.5806,4096,935,0,1,0.10009230490240435,26.379864,245.5881,success,5.136133193969727,0.13278323411941528,,0,26.379863739013672,2.117109775543213
6,14,Linear,0.02492069522229179,4096,14336,3.5,3.577945288769579,5.645657118427977,1.1913195781899186,True,37.835957,dense,5.817456777280401,3.8093944,1.5779048,model.layers.0.mlp.down_proj,4096,6447.5425,4096,170,0,1,0.19771937796502911,37.835957,170.4078,success,6.15109395980835,0.34811291098594666,,0,37.83595657348633,3.3751213550567627
7,20,Linear,0.031777524683636815,4096,4096,1.0,3.609046284069131,7.9050291247397295,1.080457559336785,True,155.00201,dense,7.947964627546596,3.7544653,2.1903374,model.layers.1.self_attn.q_proj,3770,5681.5293,4096,46,326,1,0.38468288782181814,155.00201,36.654552,success,12.449980735778809,2.9204022666817764e-07,,167,155.00201416015625,16.31094741821289
8,21,Linear,0.029512402660651693,1024,4096,4.0,4.0812490408066395,7.773326062371655,0.9275860982494326,True,80.28674,dense,7.86625662024338,3.4625413,1.9046439,model.layers.1.self_attn.k_proj,996,2900.956,1024,40,28,1,0.48718825035790414,80.28674,36.132442,success,8.960287094116211,0.0019664911087602377,,0,80.2867431640625,14.149051666259766
9,22,Linear,0.05141596582369068,1024,4096,4.0,8.691134741782486,1.695356200118592,1.0216257805618283,True,1.5669938,dense,1.7178798312443313,2.402295,0.1950673,model.layers.1.self_attn.v_proj,1024,252.5195,1024,33,0,1,1.3388547074889265,1.5669938,161.149,success,1.2517962455749512,0.10871441662311554,under-trained,0,1.5669938325881958,0.6292122006416321
10,23,Linear,0.02169365924127309,4096,4096,1.0,3.7599445242046867,4.975928141377256,1.1291966002677742,True,21.057392,dense,5.007612404287867,3.0780964,1.3234047,model.layers.1.self_attn.o_proj,4077,1197.0056,4096,79,19,1,0.3105180191409725,21.057392,56.844913,success,4.588833332061768,3.0091943699517287e-05,,8,21.057392120361328,1.6950998306274414
11,26,Linear,0.022276003021793778,4096,14336,3.5,3.155169984635695,5.218741187013426,1.1788289369001523,True,45.084625,dense,5.721218174658984,3.906643,1.6540285,model.layers.1.mlp.gate_proj,4096,8065.7114,4096,1139,0,1,0.06385864040940906,45.084625,178.9016,success,6.714508533477783,0.16281956434249878,,0,45.084625244140625,2.2455403804779053
12,27,Linear,0.033859710869250936,4096,14336,3.5,4.554376984936461,4.577089126499262,1.1920976277010518,True,10.115488,dense,5.721383738594026,3.8243914,1.0049869,model.layers.1.mlp.up_proj,4096,6674.074,4096,524,0,1,0.15527367953208074,10.115488,659.78766,success,3.180485486984253,0.16696132719516754,,0,10.115488052368164,2.8528950214385986
13,28,Linear,0.02165358030626463,4096,14336,3.5,4.783930700370521,6.3679037801512814,1.1963089095377626,True,21.433979,dense,6.465247915893187,3.821457,1.3311028,model.layers.1.mlp.down_proj,4096,6629.134,4096,97,0,1,0.38419995257525785,21.433979,309.28152,success,4.6296844482421875,0.24659810960292816,,0,21.433979034423828,3.7343027591705322
14,34,Linear,0.027103578137242623,4096,4096,1.0,3.3854822013382173,6.580253042307948,1.1202782233576147,True,87.83506,dense,6.643936172180602,3.7109187,1.9436679,model.layers.2.self_attn.q_proj,4046,5139.474,4096,274,50,1,0.14411225010743225,87.83506,58.512787,success,9.37203598022461,6.383667823683936e-06,,24,87.8350601196289,4.5670647621154785
15,35,Linear,0.034041838947752506,1024,4096,4.0,5.522838257973415,9.2740595867087,0.9785740586603036,True,47.7771,dense,9.289103539780255,3.4809983,1.6792198,model.layers.2.self_attn.k_proj,1023,3026.9006,1024,67,1,1,0.5525526368900515,47.7771,63.354633,success,6.912097930908203,0.0027065291069447994,,0,47.777099609375,8.507031440734863
16,36,Linear,0.04477367506533236,1024,4096,4.0,4.907855037162621,-0.23186853748512928,1.01362865615737,True,0.89692396,dense,0.6882091158895468,2.251161,-0.047244374,model.layers.2.self_attn.v_proj,1024,178.30392,1024,136,0,1,0.3350958049077079,0.89692396,198.79492,success,0.9470607042312622,0.09054426103830338,,0,0.8969239592552185,0.32913094758987427
17,37,Linear,0.013678213908482784,4096,4096,1.0,3.241364739748632,3.9173137986848765,1.1290550367427532,True,16.163609,dense,4.014860734756423,3.0058649,1.2085384,model.layers.2.self_attn.o_proj,4077,1013.5956,4096,300,19,1,0.1294052535846008,16.163609,62.708496,success,4.02039909362793,7.21114338375628e-05,,8,16.16360855102539,0.7733238339424133
18,40,Linear,0.0224498479707389,4096,14336,3.5,4.608592146533756,8.21855366216748,1.1892915587745159,True,60.71711,dense,8.229826080328351,3.9310098,1.7833111,model.layers.2.mlp.gate_proj,4096,8531.19,4096,552,0,1,0.15359188157907952,60.71711,140.50719,success,7.792118549346924,0.13327686488628387,,0,60.71710968017578,3.5477631092071533
19,41,Linear,0.034702971816771844,4096,14336,3.5,10.595481645232974,10.074729615956008,1.195883653770478,True,8.93,dense,10.118460848930031,3.820242,0.9508515,model.layers.2.mlp.up_proj,4096,6610.6133,4096,98,0,1,0.9692900200136122,8.93,740.2702,success,2.9883105754852295,0.12346825003623962,under-trained,0,8.930000305175781,3.839529275894165
20,42,Linear,0.012411094735270578,4096,14336,3.5,4.479590422120518,5.905113007333672,1.191398346243875,True,20.807793,dense,6.226407661791449,3.823039,1.3182261,model.layers.2.mlp.down_proj,4096,6653.327,4096,507,0,1,0.1545340359139173,20.807793,319.7517,success,4.561555862426758,0.2842799425125122,,0,20.80779266357422,2.8119585514068604
21,48,Linear,0.018658906714908885,4096,4096,1.0,3.371927717146996,6.744353871027388,1.123736786907878,True,100.03401,dense,6.799681677006283,3.7148461,2.0001478,model.layers.3.self_attn.q_proj,4058,5186.1626,4096,264,38,1,0.14598205959941435,100.03401,51.843994,success,10.001700401306152,9.13028941340599e-07,,13,100.03401184082031,4.420292377471924
22,49,Linear,0.03657718580596331,1024,4096,4.0,5.0198295369355295,8.600069368557563,0.9811898391703245,True,51.667736,dense,8.631121819436677,3.4804053,1.7132194,model.layers.3.self_attn.k_proj,1024,3022.7712,1024,58,0,1,0.5278294771991547,51.667736,58.50404,success,7.188027381896973,0.006856774445623159,,0,51.6677360534668,9.126721382141113
23,50,Linear,0.08268764618804064,1024,4096,4.0,6.396954376265067,-0.47042722454944386,1.0262962789752983,True,0.84422994,dense,0.7109004936336236,2.4005063,-0.07353925,model.layers.3.self_attn.v_proj,1024,251.48154,1024,94,0,1,0.5566533408769164,0.84422994,297.88275,success,0.9188198447227478,0.15676249563694,under-trained,0,0.8442299365997314,0.4811795949935913
24,51,Linear,0.03817866834762229,4096,4096,1.0,3.2892974152226775,3.8027172523271626,1.1420616331301914,True,14.32478,dense,3.938697676500508,3.1220376,1.156088,model.layers.3.self_attn.o_proj,4084,1324.4556,4096,452,12,1,0.10767949262183009,14.32478,92.459045,success,3.784809112548828,5.321106982592028e-06,,6,14.324780464172363,0.8106517791748047
25,54,Linear,0.022402256946278287,4096,14336,3.5,3.5241220614822213,6.794025796565535,1.1842889274350286,True,84.69609,dense,6.86615029125201,3.9829307,1.9278634,model.layers.3.mlp.gate_proj,4096,9614.583,4096,289,0,1,0.1484777683224836,84.69609,113.518616,success,9.203047752380371,0.11843148618936539,,0,84.69609069824219,4.710738182067871
26,55,Linear,0.024697024688196234,4096,14336,3.5,9.678369534136058,8.494162975009218,1.19689789278838,True,7.5447345,dense,8.76095047292876,3.8039088,0.877644,model.layers.3.mlp.up_proj,4096,6366.615,4096,183,0,1,0.6415235356837501,7.5447345,843.8488,success,2.746767997741699,0.12072035670280457,under-trained,0,7.544734477996826,3.2908196449279785
27,56,Linear,0.02480903230957099,4096,14336,3.5,5.091164199540825,6.1400597947183835,1.1907555897511823,True,16.070251,dense,6.418454431745901,3.8022354,1.2060227,model.layers.3.mlp.down_proj,4096,6342.129,4096,281,0,1,0.24405839470721413,16.070251,394.65027,success,4.008771896362305,0.11354464292526245,,0,16.07025146484375,3.320836305618286
28,62,Linear,0.02457658100068094,4096,4096,1.0,3.4051324700955243,6.839221893464671,1.1167508972042164,True,101.97734,dense,6.892068334077072,3.7035823,2.008504,model.layers.4.self_attn.q_proj,4052,5053.384,4096,120,44,1,0.219557551276573,101.97734,49.553986,success,10.098382949829102,3.2289673981722444e-05,,15,101.97734069824219,6.630894184112549
29,63,Linear,0.02710010282792097,1024,4096,4.0,4.237592164083453,7.441301936489515,0.9770625995498077,True,57.019222,dense,7.504864566459208,3.4658332,1.7560213,model.layers.4.self_attn.k_proj,1024,2923.0278,1024,71,0,1,0.3842314997046386,57.019222,51.2639,success,7.551107406616211,0.026238519698381424,,0,57.019222259521484,8.33497428894043
30,64,Linear,0.053392821798644796,1024,4096,4.0,9.268470387919322,0.3733900544901143,1.0214344670626256,True,1.0972006,dense,1.0048703260674836,2.4664307,0.04028605,model.layers.4.self_attn.v_proj,1024,292.7052,1024,35,0,1,1.3976265856893526,1.0972006,266.77454,success,1.047473430633545,0.13163040578365326,under-trained,0,1.097200632095337,0.7107389569282532
31,65,Linear,0.026893658206759374,4096,4096,1.0,4.071546706160606,4.191131228105588,1.1383986832135655,True,10.699679,dense,4.338318136928139,3.141713,1.0293708,model.layers.4.self_attn.o_proj,4082,1385.8386,4096,185,14,1,0.22582460508133498,10.699679,129.52151,success,3.271036386489868,1.3203978596720845e-05,,9,10.699679374694824,1.3790308237075806
32,68,Linear,0.01578229027805833,4096,14336,3.5,3.6679807254605277,7.7059616466857275,1.1835270442930481,True,126.14579,dense,7.722028306050059,4.0300894,2.100873,model.layers.4.mlp.gate_proj,4096,10717.3955,4096,294,0,1,0.1555997957371139,126.14579,84.96039,success,11.231464385986328,0.11358728259801865,,0,126.14579010009766,5.32302188873291
33,69,Linear,0.02665343248542107,4096,14336,3.5,8.032229266134586,7.308805560153895,1.1975190941222025,True,8.127086,dense,7.600481660603124,3.7815413,0.9099349,model.layers.4.mlp.up_proj,4096,6047.019,4096,273,0,1,0.42560987679039786,8.127086,744.0575,success,2.850804328918457,0.1117931380867958,under-trained,0,8.12708568572998,2.891894817352295
34,70,Linear,0.010184506449501418,4096,14336,3.5,5.107279717015074,6.506627118737406,1.1918459597557323,True,18.792763,dense,6.771507063372476,3.780089,1.2739908,model.layers.4.mlp.down_proj,4096,6026.829,4096,253,0,1,0.2582224634068823,18.792763,320.69946,success,4.335062026977539,0.24726659059524536,,0,18.792762756347656,3.1293089389801025
35,76,Linear,0.025411317283634216,4096,4096,1.0,4.28747379915079,8.3582204664076,1.1097707873048996,True,89.01252,dense,8.375613444589353,3.6985774,1.9494511,model.layers.5.self_attn.q_proj,4064,4995.482,4096,43,32,1,0.5013350543763919,89.01252,56.121117,success,9.43464469909668,0.00012110141688026488,,8,89.01251983642578,11.338515281677246
36,77,Linear,0.019995084808963226,1024,4096,4.0,4.882043247668689,8.61821932165151,0.9807220463639321,True,58.24912,dense,8.63397322448932,3.4696035,1.7652894,model.layers.5.self_attn.k_proj,1024,2948.5156,1024,63,0,1,0.4890914767680416,58.24912,50.61906,success,7.632111072540283,0.10235485434532166,,0,58.24911880493164,8.58032512664795
37,78,Linear,0.0401957136528307,1024,4096,4.0,7.064407097603286,-0.5758638766403357,1.0173025495140449,True,0.82886493,dense,0.2848672611377684,2.3028727,-0.081516236,model.layers.5.self_attn.v_proj,1024,200.85034,1024,56,0,1,0.8103904861839876,0.82886493,242.31975,success,0.9104201793670654,0.10632392019033432,under-trained,0,0.8288649320602417,0.4689272344112396
38,79,Linear,0.03154842605449515,4096,4096,1.0,3.85804259400989,3.228155399773397,1.1332183762335788,True,6.866477,dense,3.7257302640527867,3.0741801,0.836734,model.layers.5.self_attn.o_proj,4084,1186.2601,4096,207,12,1,0.19864769228004472,6.866477,172.76111,success,2.620396375656128,3.890176958520897e-05,,10,6.866477012634277,1.1825981140136719
39,82,Linear,0.018909774472378515,4096,14336,3.5,3.8157739377230615,8.042769154700057,1.1830814945729975,True,128.16476,dense,8.052125186457292,4.0296946,2.1077688,model.layers.5.mlp.gate_proj,4096,10707.651,4096,733,0,1,0.10400298340484454,128.16476,83.54598,success,11.320987701416016,0.09935583174228668,,0,128.16476440429688,3.9566917419433594
40,83,Linear,0.01585525619951289,4096,14336,3.5,7.424749035314751,7.491191651370122,1.1962815069687733,True,10.208191,dense,7.629311649636814,3.786613,1.0089488,model.layers.5.mlp.up_proj,4096,6118.0503,4096,270,0,1,0.39099777477238273,10.208191,599.3276,success,3.19502592086792,0.09411629289388657,under-trained,0,10.20819091796875,2.991468906402588
41,84,Linear,0.016539501056572092,4096,14336,3.5,5.096052220539635,6.378319334216851,1.1908137198870716,True,17.849237,dense,6.58166459704687,3.783918,1.2516197,model.layers.5.mlp.down_proj,4096,6080.198,4096,128,0,1,0.36204328765472393,17.849237,340.6419,success,4.2248358726501465,0.18880093097686768,,0,17.8492374420166,3.909104108810425
42,90,Linear,0.03964703533412506,4096,4096,1.0,4.1733134142954516,8.125266707370491,1.1142831936515467,True,88.50304,dense,8.147198745322655,3.7161615,1.9469582,model.layers.6.self_attn.q_proj,4072,5201.894,4096,60,24,1,0.40967300019542935,88.50304,58.776447,success,9.407605171203613,0.00010480207856744528,,5,88.50303649902344,10.192171096801758
43,91,Linear,0.025363143253092302,1024,4096,4.0,4.4035251199180845,8.00719695920316,0.9809471372554787,True,65.82043,dense,8.031777661003852,3.4683104,1.8183607,model.layers.6.self_attn.k_proj,1024,2939.749,1024,47,0,1,0.49645516267972195,65.82043,44.66317,success,8.1129789352417,0.12306475639343262,,0,65.82042694091797,9.419150352478027
44,92,Linear,0.023696443214930252,1024,4096,4.0,6.264797464995719,-0.06099546025114705,1.0217116343004133,True,0.97783095,dense,0.8180819946756704,2.3770878,-0.009736222,model.layers.6.self_attn.v_proj,1024,238.28006,1024,105,0,1,0.5137916230148575,0.97783095,243.68227,success,0.9888533353805542,0.0909925252199173,under-trained,0,0.9778309464454651,0.4508785903453827
45,93,Linear,0.030357434556323892,4096,4096,1.0,4.049702610471124,3.5238379844638277,1.1377946334532647,True,7.4156175,dense,3.9032364301863427,3.1113467,0.87014735,model.layers.6.self_attn.o_proj,4083,1292.2501,4096,204,13,1,0.21352189138254732,7.4156175,174.26062,success,2.72316312789917,4.0441620512865484e-05,,9,7.4156174659729,1.2497323751449585
46,96,Linear,0.012282485436658885,4096,14336,3.5,3.9263110535179355,8.346805307277643,1.1820912184710735,True,133.61778,dense,8.354265676391009,4.0343738,2.1258645,model.layers.6.mlp.gate_proj,4096,10823.646,4096,580,0,1,0.12150845282035015,133.61778,81.00454,success,11.55931568145752,0.08742222189903259,,0,133.61778259277344,4.4526872634887695
47,97,Linear,0.016335213605869092,4096,14336,3.5,6.259789161555783,6.42388852051511,1.195152612850498,True,10.622208,dense,6.7639622739422816,3.7863913,1.0262148,model.layers.6.mlp.up_proj,4096,6114.925,4096,320,0,1,0.2940311528138838,10.622208,575.67365,success,3.2591729164123535,0.0816059559583664,under-trained,0,10.622207641601562,2.927746534347534
48,98,Linear,0.014084260020719302,4096,14336,3.5,4.526310191910573,6.224588940650887,1.189242142426255,True,23.724745,dense,6.349180955250162,3.7834594,1.3752016,model.layers.6.mlp.down_proj,4096,6073.7837,4096,312,0,1,0.1996380022785182,23.724745,256.0105,success,4.870805263519287,0.14833782613277435,,0,23.72474479675293,3.068902015686035
49,104,Linear,0.03193829312004459,4096,4096,1.0,3.1823425838287593,6.200468389225422,1.1094265625715032,True,88.79684,dense,6.318477988654681,3.679285,1.9483975,model.layers.7.self_attn.q_proj,4067,4778.427,4096,197,29,1,0.1554854711607915,88.79684,53.81303,success,9.42320728302002,5.192145181354135e-05,,7,88.79683685302734,5.185040473937988
50,105,Linear,0.04033722994304545,1024,4096,4.0,4.481583360753778,8.154349240137233,0.9760928237863202,True,65.99699,dense,8.18817276044859,3.475988,1.8195242,model.layers.7.self_attn.k_proj,1024,2992.1812,1024,51,0,1,0.48751918409468203,65.99699,45.33815,success,8.123852729797363,0.13154666125774384,,0,65.99698638916016,10.003219604492188
51,106,Linear,0.061565675635681105,1024,4096,4.0,4.947592353676718,0.2696856893768603,1.0103968270027361,True,1.133727,dense,1.3484387579001451,2.3697543,0.05450847,model.layers.7.self_attn.v_proj,1024,234.29028,1024,99,0,1,0.396747959467322,1.133727,206.65495,success,1.0647661685943604,0.11541301012039185,,0,1.133726954460144,0.49642542004585266
52,107,Linear,0.0394089267158696,4096,4096,1.0,3.7165635678739433,2.96907427660021,1.1318346890244178,True,6.2932677,dense,3.862861089542346,3.1259274,0.7988762,model.layers.7.self_attn.o_proj,4084,1336.3713,4096,144,12,1,0.2263802973228286,6.2932677,212.34935,success,2.508638620376587,3.6253950952414016e-08,,8,6.293267726898193,1.5456575155258179
53,110,Linear,0.012817173793981507,4096,14336,3.5,3.861163459877725,8.099910105396479,1.1809985553645161,True,125.25351,dense,8.112169631510305,4.0181766,2.09779,model.layers.7.mlp.gate_proj,4096,10427.412,4096,566,0,1,0.12026367045513715,125.25351,83.25046,success,11.191671371459961,0.29153627157211304,,0,125.25350952148438,4.348944187164307
54,111,Linear,0.012632886054396941,4096,14336,3.5,5.3596965039223115,5.769535338022196,1.1943541547314984,True,11.925232,dense,6.314442033786284,3.7984087,1.0764668,model.layers.7.mlp.up_proj,4096,6286.493,4096,416,0,1,0.21375170718117414,11.925232,527.159,success,3.4532928466796875,0.3205118477344513,,0,11.92523193359375,2.8100640773773193
55,112,Linear,0.009750224078059644,4096,14336,3.5,3.9106404898564833,5.976777959941065,1.1846846021864168,True,33.754936,dense,6.155193410877433,3.7958996,1.5283374,model.layers.7.mlp.down_proj,4096,6250.2803,4096,382,0,1,0.14892132275000963,33.754936,185.16641,success,5.809899806976318,0.10721942037343979,,0,33.75493621826172,2.9967243671417236
56,118,Linear,0.027444974277984036,4096,4096,1.0,4.409179766048278,8.040485847789478,1.103020691897082,True,66.616,dense,8.10854561458002,3.6822054,1.8235786,model.layers.8.self_attn.q_proj,4072,4810.669,4096,50,24,1,0.482130826171341,66.616,72.21492,success,8.16186237335205,0.00014138573897071183,,5,66.61599731445312,11.709575653076172
57,119,Linear,0.03810122537069249,1024,4096,4.0,5.000816607749701,8.784359450653074,0.9705201043940507,True,57.093277,dense,8.813884729451692,3.4689736,1.756585,model.layers.8.self_attn.k_proj,1024,2944.2424,1024,50,0,1,0.5658009107247146,57.093277,51.568985,success,7.556009292602539,0.13904333114624023,,0,57.09327697753906,10.573290824890137
58,120,Linear,0.06196779245627748,1024,4096,4.0,10.927229545945355,-0.0015028004707775165,1.0130925518426324,True,0.9996834,dense,0.6961837849138761,2.412629,-0.00013752804,model.layers.8.self_attn.v_proj,1024,258.6002,1024,34,0,1,1.7025058215145388,0.9996834,258.6821,success,0.9998416900634766,0.07013437896966934,under-trained,0,0.9996833801269531,0.7092748880386353
59,121,Linear,0.04030447301818563,4096,4096,1.0,3.5553269766567954,3.3963098886382226,1.1280397656459127,True,9.021392,dense,3.9415692179942323,3.1425033,0.95527357,model.layers.8.self_attn.o_proj,4080,1388.3633,4096,217,16,1,0.1734668982304834,9.021392,153.89679,success,3.003563165664673,1.486226301494753e-05,,11,9.021391868591309,1.374427318572998
60,124,Linear,0.009380796136090663,4096,14336,3.5,3.648084118578087,7.668668556112528,1.177538837710752,True,126.50515,dense,7.691529770449381,4.0223083,2.1021085,model.layers.8.mlp.gate_proj,4096,10527.089,4096,522,0,1,0.1159034931743237,126.50515,83.21471,success,11.247450828552246,0.16097034513950348,,0,126.5051498413086,4.589329242706299
61,125,Linear,0.010960083532892573,4096,14336,3.5,4.859904945704016,5.124177595030043,1.1923927499294125,True,11.333866,dense,5.968434326320555,3.7945542,1.0543782,model.layers.8.mlp.up_proj,4096,6230.945,4096,427,0,1,0.18679389253959677,11.333866,549.7634,success,3.3665807247161865,0.13688531517982483,,0,11.333866119384766,2.802891492843628
62,126,Linear,0.014491581234305273,4096,14336,3.5,3.8725974698702643,5.788628864369147,1.1844979436830092,True,31.24398,dense,5.994649213514159,3.7930412,1.4947665,model.layers.8.mlp.down_proj,4096,6209.278,4096,518,0,1,0.12621468674601952,31.24398,198.73517,success,5.5896315574646,0.0940469354391098,,0,31.243980407714844,2.6822423934936523
63,132,Linear,0.043587285587256996,4096,4096,1.0,2.6155600831915655,4.754039543746982,1.0993357061548814,True,65.7051,dense,5.303202724103279,3.6823835,1.817599,model.layers.9.self_attn.q_proj,4074,4812.641,4096,342,22,1,0.0873594842058229,65.7051,73.24608,success,8.105868339538574,5.912297638133168e-05,,7,65.7051010131836,3.5964956283569336
64,133,Linear,0.0267641174996327,1024,4096,4.0,4.547030226668586,7.7621801645332305,0.9704742882162481,True,50.943394,dense,7.8636549787046235,3.4677484,1.7070879,model.layers.9.self_attn.k_proj,1024,2935.948,1024,35,0,1,0.5995575375439219,50.943394,57.631577,success,7.1374640464782715,0.15554477274417877,,0,50.94339370727539,11.44261360168457
65,134,Linear,0.09441619078661262,1024,4096,4.0,19.837783535199446,3.4661669968310624,1.0044818621381426,True,1.4952903,dense,3.8665409788881178,2.542982,0.17472552,model.layers.9.self_attn.v_proj,1024,349.12573,1024,12,0,1,5.437999697491651,1.4952903,233.48358,success,1.2228206396102905,0.13462351262569427,under-trained,0,1.4952902793884277,1.260986328125
66,135,Linear,0.05254621825280045,4096,4096,1.0,4.824985258837229,4.560294064979646,1.126377579741763,True,8.81336,dense,4.902729965078876,3.2017906,0.94514155,model.layers.9.self_attn.o_proj,4081,1591.441,4096,100,15,1,0.3824985258837229,8.81336,180.57143,success,2.9687304496765137,2.509953446860891e-05,,9,8.813360214233398,2.3748526573181152
67,138,Linear,0.008259562541760523,4096,14336,3.5,3.706898981040198,8.012927821895044,1.176345507426067,True,145.086,dense,8.025548309298614,4.03306,2.1616256,model.layers.9.mlp.gate_proj,4096,10790.953,4096,415,0,1,0.13287644495179582,145.086,74.37625,success,12.045165061950684,0.17026035487651825,,0,145.08599853515625,5.236911773681641
68,139,Linear,0.011918382561520557,4096,14336,3.5,4.80447538906304,5.093584989758195,1.1914169203701355,True,11.486164,dense,5.968447597306948,3.8023329,1.0601751,model.layers.9.mlp.up_proj,4096,6343.5557,4096,390,0,1,0.19264709988025447,11.486164,552.278,success,3.3891243934631348,0.14565113186836243,,0,11.486164093017578,2.9790778160095215
69,140,Linear,0.010217511169514748,4096,14336,3.5,3.887634182847877,5.928735651460602,1.184087249113472,True,33.49839,dense,6.077791816168481,3.795784,1.525024,model.layers.9.mlp.down_proj,4096,6248.6143,4096,538,0,1,0.1244947496985802,33.49839,186.53476,success,5.787779331207275,0.1760914921760559,,0,33.498390197753906,2.6764872074127197
70,146,Linear,0.039511146120562335,4096,4096,1.0,4.125403542126865,7.402550743818356,1.1047989338095856,True,62.284813,dense,7.514431848432246,3.6987188,1.7943822,model.layers.10.self_attn.q_proj,4071,4997.1084,4096,70,25,1,0.37355717292650803,62.284813,80.229965,success,7.892072677612305,6.018120257067494e-05,,6,62.284812927246094,10.231829643249512
71,147,Linear,0.0421359295972894,1024,4096,4.0,5.312235056721125,8.979607116713396,0.9762076394030657,True,49.01886,dense,9.014567673291664,3.4768345,1.6903633,model.layers.10.self_attn.k_proj,1024,2998.0198,1024,45,0,1,0.6428300481190731,49.01886,61.160538,success,7.001347064971924,0.11258924752473831,,0,49.01885986328125,10.565264701843262
72,148,Linear,0.0688357495021723,1024,4096,4.0,3.102761537103475,0.334191683725025,1.0051473661982957,True,1.2814682,dense,1.8165004907720608,2.401071,0.10770782,model.layers.10.self_attn.v_proj,1024,251.8089,1024,305,0,1,0.12040377536047192,1.2814682,196.50032,success,1.1320195198059082,0.07560069113969803,,0,1.281468152999878,0.3022829592227936
73,149,Linear,0.05156436194989222,4096,4096,1.0,6.256350497117532,5.760280161594999,1.1324273875173774,True,8.331233,dense,5.834342344753402,3.1325054,0.9207093,model.layers.10.self_attn.o_proj,4081,1356.7666,4096,25,15,1,1.0512700994235065,8.331233,162.85304,success,2.886387586593628,1.1107638783869334e-05,under-trained,10,8.331233024597168,2.854649782180786
74,152,Linear,0.007975027750445562,4096,14336,3.5,3.80331480085947,8.125770740901999,1.176600729679498,True,136.92947,dense,8.13628401026609,4.0116735,2.136497,model.layers.10.mlp.gate_proj,4096,10272.426,4096,406,0,1,0.13912617756035736,136.92947,75.01983,success,11.70168685913086,0.17468033730983734,,0,136.92947387695312,5.057713985443115
75,153,Linear,0.012385692995611097,4096,14336,3.5,4.74397746813072,5.042705364104723,1.1904480847719812,True,11.56032,dense,6.039280046734858,3.8159368,1.0629699,model.layers.10.mlp.up_proj,4096,6545.407,4096,392,0,1,0.18909941830891952,11.56032,566.19604,success,3.4000470638275146,0.15977054834365845,,0,11.560319900512695,3.09077787399292
76,154,Linear,0.016468111694236898,4096,14336,3.5,3.8116583389127885,5.7174284383084455,1.182681462927795,True,31.621637,dense,5.944610070950513,3.8082237,1.4999845,model.layers.10.mlp.down_proj,4096,6430.185,4096,503,0,1,0.12536564901851163,31.621637,203.34763,success,5.623311996459961,0.09201093763113022,,0,31.62163734436035,2.861374855041504
77,160,Linear,0.031400747206847435,4096,4096,1.0,3.4659675607634717,6.291278365512371,1.1085948624548934,True,65.33679,dense,6.433962817532684,3.651843,1.8151579,model.layers.11.self_attn.q_proj,4071,4485.8315,4096,146,25,1,0.20408492743902668,65.33679,68.65705,success,8.083117485046387,2.3675795091548935e-05,,8,65.3367919921875,6.0171074867248535
78,161,Linear,0.021186650647707306,1024,4096,4.0,5.254377227015738,8.797218777359308,0.978692375928667,True,47.235085,dense,8.833345905076722,3.465334,1.6742648,model.layers.11.self_attn.k_proj,1024,2919.6704,1024,53,0,1,0.5843836551533416,47.235085,61.811478,success,6.872778415679932,0.1300390362739563,,0,47.235084533691406,9.581682205200195
79,162,Linear,0.08063363414605723,1024,4096,4.0,5.723594056227393,0.6653630806587573,1.003334325108226,True,1.3069205,dense,1.6258375364037891,2.3913894,0.116249174,model.layers.11.self_attn.v_proj,1024,246.25743,1024,54,0,1,0.6427997327666992,1.3069205,188.4257,success,1.143206238746643,0.10327983647584915,,0,1.3069205284118652,0.6907421350479126
80,163,Linear,0.04404833643039385,4096,4096,1.0,3.2097248572735295,2.8423679007698115,1.1229443884732928,True,7.6833167,dense,3.845868395557166,3.1511693,0.8855488,model.layers.11.self_attn.o_proj,4080,1416.3453,4096,256,16,1,0.1381078035795956,7.6833167,184.34036,success,2.7718796730041504,8.38915366330184e-06,,12,7.683316707611084,1.2971253395080566
81,166,Linear,0.007522135777673911,4096,14336,3.5,3.889356761666564,8.240229128696546,1.1771538258836987,True,131.41988,dense,8.249141750373996,4.000842,2.1186612,model.layers.11.mlp.gate_proj,4096,10019.409,4096,317,0,1,0.1622824435070705,131.41988,76.23968,success,11.463850975036621,0.2281547486782074,,0,131.4198760986328,5.44302225112915
82,167,Linear,0.011017032827072892,4096,14336,3.5,4.869269633285169,5.239372895644342,1.1911346395130165,True,11.91264,dense,6.12746093083131,3.8217545,1.076008,model.layers.11.mlp.up_proj,4096,6633.6763,4096,362,0,1,0.20336429696281222,11.91264,556.8603,success,3.4514691829681396,0.23825892806053162,,0,11.912639617919922,3.198387861251831
83,168,Linear,0.011455426532691604,4096,14336,3.5,3.565612947296648,5.841965563616699,1.18030867562557,True,43.49289,dense,6.003609818777767,3.8149924,1.6384183,model.layers.11.mlp.down_proj,4096,6531.188,4096,565,0,1,0.10793614791692217,43.49289,150.1668,success,6.594913959503174,0.1363118588924408,,0,43.492889404296875,2.7341930866241455
84,174,Linear,0.04066677845754707,4096,4096,1.0,3.6784330429370935,7.343121635627159,1.1031417982537526,True,99.14329,dense,7.3885333398802295,3.66322,1.9962635,model.layers.12.self_attn.q_proj,4069,4604.8965,4096,36,27,1,0.44640550715618227,99.14329,46.44688,success,9.957072257995605,4.6838311391184106e-05,,5,99.1432876586914,12.351250648498535
85,175,Linear,0.038346480807045724,1024,4096,4.0,4.471316761601118,8.015647173712738,0.9706219869155606,True,62.04139,dense,8.061476014492843,3.443939,1.7926816,model.layers.12.self_attn.k_proj,1024,2779.3215,1024,25,0,1,0.6942633523202236,62.04139,44.79786,success,7.876635551452637,0.1292300969362259,,0,62.04138946533203,12.66214370727539
86,176,Linear,0.07474180954885562,1024,4096,4.0,5.1142958834171015,0.6076390099798172,1.0132491248466542,True,1.3146552,dense,1.9877626692486023,2.5362003,0.11881186,model.layers.12.self_attn.v_proj,1024,343.71634,1024,135,0,1,0.3541022097298704,1.3146552,261.4498,success,1.146584153175354,0.151613250374794,,0,1.3146551847457886,0.6561682820320129
87,177,Linear,0.0525158167990627,4096,4096,1.0,4.25198376356006,3.7219255742897586,1.133951137972257,True,7.5047913,dense,4.259940196911686,3.198985,0.8753386,model.layers.12.self_attn.o_proj,4081,1581.1932,4096,157,15,1,0.25953655901989403,7.5047913,210.69116,success,2.739487409591675,6.956415745662525e-05,,11,7.504791259765625,1.7761942148208618
88,180,Linear,0.006094312162460078,4096,14336,3.5,3.8526247751785565,8.331625871121645,1.1767410675223549,True,145.40663,dense,8.338473035733761,3.9906747,2.1625843,model.layers.12.mlp.gate_proj,4096,9787.564,4096,336,0,1,0.15562344001859668,145.40663,67.311676,success,12.058466911315918,0.3165268301963806,,0,145.40663146972656,5.143077373504639
89,181,Linear,0.008274224212220627,4096,14336,3.5,4.616063112509883,5.388680382636166,1.19150428755662,True,14.701976,dense,6.157983144990672,3.838635,1.1673758,model.layers.12.mlp.up_proj,4096,6896.596,4096,387,0,1,0.1838148182967419,14.701976,469.09314,success,3.834315538406372,0.36307767033576965,,0,14.70197582244873,3.200049877166748
90,182,Linear,0.009580977941550606,4096,14336,3.5,4.019615828464033,6.303590740471759,1.1858351661186628,True,37.00046,dense,6.408843704144785,3.8281121,1.5682073,model.layers.12.mlp.down_proj,4096,6731.5015,4096,474,0,1,0.13869554849368146,37.00046,181.9302,success,6.082800388336182,0.22299262881278992,,0,37.00046157836914,2.990220546722412
91,188,Linear,0.04335853568536352,4096,4096,1.0,2.7502802158348674,5.105188110250017,1.0925281062803893,True,71.81957,dense,5.539558653963855,3.672817,1.8562429,model.layers.13.self_attn.q_proj,4069,4707.7876,4096,238,27,1,0.1134538153163847,71.81957,65.5502,success,8.474642753601074,3.8938618672546e-05,,7,71.81957244873047,4.753825664520264
92,189,Linear,0.039242210610425876,1024,4096,4.0,5.110353913234388,8.926491188868228,0.9600293003662218,True,55.814392,dense,8.985127070417384,3.475775,1.7467462,model.layers.13.self_attn.k_proj,1024,2990.7144,1024,35,0,1,0.6947766196420101,55.814392,53.58321,success,7.470902919769287,0.1829109638929367,,0,55.81439208984375,13.359907150268555
93,190,Linear,0.08210115000772228,1024,4096,4.0,8.823991624840223,0.1986039197124361,1.0174130311680252,True,1.0531913,dense,1.055471358624449,2.4675467,0.022507265,model.layers.13.self_attn.v_proj,1024,293.45837,1024,54,0,1,1.0647104018148676,1.0531913,278.6373,success,1.0262510776519775,0.08407857269048691,under-trained,0,1.0531913042068481,0.6877582669258118
94,191,Linear,0.024138589059991444,4096,4096,1.0,3.2828095498241465,3.0155051802345842,1.1247727323603853,True,8.290381,dense,3.962763991398504,3.1783488,0.9185745,model.layers.13.self_attn.o_proj,4081,1507.817,4096,317,15,1,0.12821535807612036,8.290381,181.87547,success,2.8793022632598877,2.8291122362134047e-05,,10,8.29038143157959,1.2211464643478394
95,194,Linear,0.006577331528763192,4096,14336,3.5,3.7826572286692155,8.263427474624352,1.175943411989058,True,152.9523,dense,8.270256249148716,3.9926066,2.1845562,model.layers.13.mlp.gate_proj,4096,9831.196,4096,367,0,1,0.1452535249776519,152.9523,64.27622,success,12.367388725280762,0.1698870211839676,,0,152.95230102539062,4.9747748374938965
96,195,Linear,0.011261676718972269,4096,14336,3.5,4.686357884334294,5.230079014221247,1.190937891360776,True,13.062372,dense,6.135676244498349,3.841133,1.1160221,model.layers.13.mlp.up_proj,4096,6936.379,4096,388,0,1,0.18714646705844534,13.062372,531.01984,success,3.6141903400421143,0.17113585770130157,,0,13.062372207641602,3.257256269454956
97,196,Linear,0.011027293713643194,4096,14336,3.5,4.077441869937501,5.65398122881147,1.1864812476092663,True,24.358414,dense,6.040419446147443,3.827821,1.3866491,model.layers.13.mlp.down_proj,4096,6726.9893,4096,601,0,1,0.12553147223122896,24.358414,276.16696,success,4.935424327850342,0.14983110129833221,,0,24.358413696289062,2.74412202835083
98,202,Linear,0.03433057139230766,4096,4096,1.0,5.005740146403252,9.264791134701323,1.0986124073327619,True,70.930565,dense,9.2872071866479,3.6540146,1.8508334,model.layers.14.self_attn.q_proj,4070,4508.318,4096,29,26,1,0.7438472711357451,70.930565,63.559593,success,8.422028541564941,6.459598080255091e-05,,7,70.9305648803711,14.516632080078125
99,203,Linear,0.04109593366491199,1024,4096,4.0,5.398610000950178,9.444404382328273,0.9655201560173727,True,56.15832,dense,9.477203616256743,3.4674313,1.7494141,model.layers.14.self_attn.k_proj,1024,2933.8037,1024,23,0,1,0.9171735870137155,56.15832,52.241657,success,7.493885517120361,0.09622298181056976,,0,56.158321380615234,14.573915481567383
100,204,Linear,0.10390130581299262,1024,4096,4.0,21.77104766245223,-0.22285537192484497,1.0178530315782732,True,0.9767056,dense,0.18958015915938634,2.4587948,-0.010236318,model.layers.14.self_attn.v_proj,1024,287.60382,1024,15,0,1,5.363061445330532,0.9767056,294.46317,success,0.988284170627594,0.13991062343120575,under-trained,0,0.9767056107521057,0.8315927982330322
101,205,Linear,0.04118187626046044,4096,4096,1.0,4.0080324380467225,2.9813108755014124,1.1297433302237014,True,5.5441375,dense,4.158834384473583,3.17431,0.743834,model.layers.14.self_attn.o_proj,4084,1493.8597,4096,140,12,1,0.25422514133765806,5.5441375,269.44855,success,2.3545992374420166,1.3427330486592837e-05,,10,5.544137477874756,1.8109163045883179
102,208,Linear,0.013220791553483324,4096,14336,3.5,4.010797106412799,8.786988937464606,1.1774397757040296,True,155.17917,dense,8.790665862116375,4.01399,2.1908336,model.layers.14.mlp.gate_proj,4096,10327.373,4096,248,0,1,0.19118580744311575,155.17917,66.551285,success,12.457093238830566,0.16527612507343292,,0,155.17916870117188,6.052734375
103,209,Linear,0.012429014775833136,4096,14336,3.5,5.377273881864825,5.940685827650535,1.1931046434476302,True,12.728476,dense,6.534104815623217,3.8377714,1.1047765,model.layers.14.mlp.up_proj,4096,6882.895,4096,260,0,1,0.2714670020806889,12.728476,540.7478,success,3.5676989555358887,0.23206689953804016,,0,12.728475570678711,3.5376651287078857
104,210,Linear,0.01763628285493468,4096,14336,3.5,3.987767375223715,5.375785388572468,1.1880865336695927,True,22.287884,dense,5.88607970898577,3.8258958,1.348069,model.layers.14.mlp.down_proj,4096,6697.2373,4096,192,0,1,0.2156235372951742,22.287884,300.4878,success,4.721004486083984,0.15038588643074036,,0,22.287883758544922,3.7567005157470703
105,216,Linear,0.047179046774739636,4096,4096,1.0,5.495770313640058,11.01532507941644,1.0982529881194136,True,101.00145,dense,11.018112334417644,3.7413185,2.0043278,model.layers.15.self_attn.q_proj,4065,5512.1157,4096,44,31,1,0.677762876089204,101.00145,54.57462,success,10.049947738647461,0.00012040549336234108,,6,101.00144958496094,15.286377906799316
106,217,Linear,0.03542628460727115,1024,4096,4.0,4.830258615066011,8.695898472110086,0.97399188374114,True,63.138844,dense,8.710833284278621,3.4549334,1.8002967,model.layers.15.self_attn.k_proj,1024,2850.5796,1024,61,0,1,0.4904143624091473,63.138844,45.147797,success,7.945995330810547,0.1855471134185791,,0,63.13884353637695,9.056795120239258
107,218,Linear,0.04715677625963205,1024,4096,4.0,5.472714292385375,0.6078749250079599,1.0248933821075392,True,1.2914386,dense,1.6521026701622643,2.5329638,0.111073755,model.layers.15.self_attn.v_proj,1024,341.16437,1024,171,0,1,0.34203701059364705,1.2914386,264.1739,success,1.1364147663116455,0.1359030157327652,,0,1.2914385795593262,0.5462285876274109
108,219,Linear,0.06621662752473678,4096,4096,1.0,3.3814134743093227,3.3061667568472277,1.1364774505081403,True,9.500511,dense,3.86457687881739,3.2054493,0.97774696,model.layers.15.self_attn.o_proj,4084,1604.9049,4096,369,12,1,0.12397143363170075,9.500511,168.92827,success,3.082289934158325,2.282727564306697e-06,,8,9.500511169433594,1.1826235055923462
109,222,Linear,0.013981238783460359,4096,14336,3.5,3.8672715160851197,8.735125627082175,1.1764177401393021,True,181.43906,dense,8.738464861713549,4.035696,2.258731,model.layers.15.mlp.gate_proj,4096,10856.644,4096,466,0,1,0.13282378809704468,181.43906,59.83631,success,13.469931602478027,0.193639874458313,,0,181.43905639648438,5.027997970581055
110,223,Linear,0.009739978999544818,4096,14336,3.5,5.667061357174408,6.235147810074983,1.1931539451407909,True,12.596315,dense,6.682104901202687,3.8307881,1.1002436,model.layers.15.mlp.up_proj,4096,6773.1055,4096,271,0,1,0.28350378738191767,12.596315,537.7053,success,3.549128770828247,0.19754499197006226,,0,12.596315383911133,3.443526029586792
111,224,Linear,0.02822685399777125,4096,14336,3.5,4.247172145291134,5.640672219780483,1.1910934783319824,True,21.286324,dense,5.950874675239588,3.8213756,1.3281007,model.layers.15.mlp.down_proj,4096,6627.8926,4096,74,0,1,0.37747609448479635,21.286324,311.3686,success,4.613710403442383,0.20034755766391754,,0,21.28632354736328,4.397405624389648
112,230,Linear,0.03772824211037895,4096,4096,1.0,5.098822568944223,10.132480611331244,1.1098874332001156,True,97.100075,dense,10.134735145211508,3.7103915,1.9872197,model.layers.16.self_attn.q_proj,4066,5133.2397,4096,61,30,1,0.5248004531261556,97.100075,52.865456,success,9.853937149047852,5.215466444496997e-06,,8,97.1000747680664,10.981395721435547
113,231,Linear,0.03780379541510048,1024,4096,4.0,5.170457642171428,9.518981817879459,0.973679356870634,True,69.3478,dense,9.525509947727656,3.4612637,1.8410327,model.layers.16.self_attn.k_proj,1024,2892.4338,1024,52,0,1,0.5783384181153743,69.3478,41.70909,success,8.327532768249512,0.146694153547287,,0,69.3478012084961,9.958911895751953
114,232,Linear,0.059313054416001765,1024,4096,4.0,12.574555109746408,0.2356550585042337,1.023541804862364,True,1.0440965,dense,0.5166111061288459,2.4765856,0.018740628,model.layers.16.self_attn.v_proj,1024,299.63013,1024,22,0,1,2.4677034408954253,1.0440965,286.97552,success,1.0218104124069214,0.10148559510707855,under-trained,0,1.0440964698791504,0.7205223441123962
115,233,Linear,0.039325286571473494,4096,4096,1.0,3.418342570431207,3.3219144401642184,1.1380741273681148,True,9.371108,dense,3.8419320038469538,3.1846848,0.97179097,model.layers.16.self_attn.o_proj,4084,1529.9755,4096,363,12,1,0.1269300667301081,9.371108,163.26517,success,3.0612266063690186,6.216234396561049e-06,,9,9.371108055114746,1.104609489440918
116,236,Linear,0.013103672585921267,4096,14336,3.5,4.322915255058575,9.739199378748594,1.1794014098163161,True,179.02917,dense,9.740016401189326,4.0557575,2.252924,model.layers.16.mlp.gate_proj,4096,11369.916,4096,269,0,1,0.20260171884008132,179.02917,63.50873,success,13.380178451538086,0.18870346248149872,,0,179.0291748046875,6.3676981925964355
117,237,Linear,0.008891965185300221,4096,14336,3.5,6.294935614810407,7.206078011673935,1.1935137328457621,True,13.955395,dense,7.343097547972237,3.8186994,1.1447421,model.layers.16.mlp.up_proj,4096,6587.173,4096,251,0,1,0.3342133724831554,13.955395,472.01624,success,3.735692024230957,0.1629454493522644,under-trained,0,13.955394744873047,3.3988215923309326
118,238,Linear,0.017536409431329114,4096,14336,3.5,5.768441190505284,7.0678726840565576,1.19178691237904,True,16.79831,dense,7.186632978025762,3.8097546,1.2252656,model.layers.16.mlp.down_proj,4096,6452.8916,4096,373,0,1,0.24690052586227015,16.79831,384.13934,success,4.098574161529541,0.22141830623149872,,0,16.798309326171875,3.0935616493225098
119,244,Linear,0.04993240524572429,4096,4096,1.0,2.527171376142885,5.148119682375453,1.1072762669940517,True,108.91988,dense,5.3947194020806855,3.7185657,2.0371075,model.layers.17.self_attn.q_proj,4068,5230.7705,4096,476,28,1,0.06999778526073439,108.91988,48.024017,success,10.436469078063965,0.00012498197611421347,,5,108.91988372802734,2.928316831588745
120,245,Linear,0.05997044449613265,1024,4096,4.0,5.527436803343823,9.784069747366322,0.9732057854472215,True,58.896786,dense,9.798144309662632,3.4661942,1.7700917,model.layers.17.self_attn.k_proj,1024,2925.4585,1024,28,0,1,0.8556051327292142,58.896786,49.670937,success,7.674424171447754,0.18490619957447052,,0,58.896785736083984,13.261838912963867
121,246,Linear,0.07470807606078989,1024,4096,4.0,9.340521021195272,1.0544806945965906,1.0283407399184126,True,1.2968601,dense,1.667271253052521,2.5592096,0.112893134,model.layers.17.self_attn.v_proj,1024,362.4178,1024,32,0,1,1.4744097431790313,1.2968601,279.4579,success,1.138797640800476,0.20050068199634552,under-trained,0,1.2968600988388062,0.8536654710769653
122,247,Linear,0.05081014729206401,4096,4096,1.0,4.221302621740216,4.547088282784945,1.1397154208000688,True,11.944737,dense,4.6536540919088845,3.2155998,1.0771766,model.layers.17.self_attn.o_proj,4084,1642.8563,4096,244,12,1,0.20622276850363755,11.944737,137.53809,success,3.456115961074829,5.563867489399854e-06,,8,11.944737434387207,1.5106990337371826
123,250,Linear,0.016403720469757466,4096,14336,3.5,4.309822974097475,9.628244055949423,1.1811230708035214,True,171.40482,dense,9.629292451752082,4.06455,2.234023,model.layers.17.mlp.gate_proj,4096,11602.445,4096,468,0,1,0.15299662110022005,171.40482,67.69031,success,13.09216594696045,0.17970994114875793,,0,171.40481567382812,5.320846080780029
124,251,Linear,0.012479081233538913,4096,14336,3.5,6.026396747005403,6.860990046022633,1.1938508188408596,True,13.755916,dense,7.028217835076669,3.815188,1.1384896,model.layers.17.mlp.up_proj,4096,6534.1274,4096,100,0,1,0.5026396747005404,13.755916,475.0049,success,3.7088968753814697,0.15334360301494598,under-trained,0,13.755915641784668,3.9195966720581055
125,252,Linear,0.023021503287342315,4096,14336,3.5,6.51699630268405,8.141357208501795,1.1934275122102815,True,17.752104,dense,8.170613559741158,3.8083384,1.2492499,model.layers.17.mlp.down_proj,4096,6431.8833,4096,350,0,1,0.29489585669631857,17.752104,362.31668,success,4.213324546813965,0.25956156849861145,under-trained,0,17.752103805541992,3.0880346298217773
126,258,Linear,0.043129915944669805,4096,4096,1.0,2.8253928547279425,5.621943732224852,1.119882362276472,True,97.676865,dense,5.753623877864977,3.703683,1.9897919,model.layers.18.self_attn.q_proj,4074,5054.555,4096,377,22,1,0.0940125150268619,97.676865,51.747723,success,9.883160591125488,3.1005198252387345e-05,,5,97.67686462402344,3.4115939140319824
127,259,Linear,0.06702556137608473,1024,4096,4.0,6.297191822743398,11.294312720605536,0.9775226187404469,True,62.165226,dense,11.297188836836712,3.4876075,1.7935475,model.layers.18.self_attn.k_proj,1024,3073.3174,1024,26,0,1,1.0388647873620276,62.165226,49.437885,success,7.884492874145508,0.17143568396568298,under-trained,0,62.165225982666016,13.479999542236328
128,260,Linear,0.05485681784822766,1024,4096,4.0,4.692100860871988,0.19906006787724245,1.0153508904085518,True,1.1026165,dense,1.614219879913837,2.4689631,0.042424507,model.layers.18.self_attn.v_proj,1024,294.41718,1024,176,0,1,0.2783025737195579,1.1026165,267.0168,success,1.0500555038452148,0.10226675122976303,,0,1.102616548538208,0.4876919984817505
129,261,Linear,0.04226733024928342,4096,4096,1.0,3.252610342391718,3.4116110574679532,1.1399032190817577,True,11.191391,dense,3.926347468135865,3.1922722,1.048884,model.layers.18.self_attn.o_proj,4085,1556.941,4096,549,11,1,0.09613906664813603,11.191391,139.11952,success,3.345353603363037,2.983703598147258e-05,,7,11.191390991210938,0.8518818616867065
130,264,Linear,0.017065383427247838,4096,14336,3.5,4.656955168613458,10.238010222477477,1.1838464734026881,True,157.91888,dense,10.238427810145222,4.066449,2.1984344,model.layers.18.mlp.gate_proj,4096,11653.303,4096,441,0,1,0.17414072231492658,157.91888,73.79297,success,12.566577911376953,0.1538817137479782,,0,157.91888427734375,5.431824207305908
131,265,Linear,0.015268888106017786,4096,14336,3.5,7.153063195838827,7.995615571742387,1.1941071876452942,True,13.115625,dense,8.048975796326303,3.810542,1.117789,model.layers.18.mlp.up_proj,4096,6464.6035,4096,233,0,1,0.4031005726111367,13.115625,492.89328,success,3.6215500831604004,0.13018402457237244,under-trained,0,13.115625381469727,3.367654800415039
132,266,Linear,0.023715133675217714,4096,14336,3.5,5.7146388247475315,7.164747991683564,1.1927450850528596,True,17.937145,dense,7.227877879813794,3.805514,1.2537534,model.layers.18.mlp.down_proj,4096,6390.191,4096,73,0,1,0.5518067366638679,17.937145,356.2546,success,4.235226631164551,0.23217982053756714,,0,17.937145233154297,4.054454803466797
133,272,Linear,0.028972595710977767,4096,4096,1.0,4.3740199185269795,8.71021210412981,1.1271012429819995,True,98.02831,dense,8.714582242856773,3.7052271,1.9913517,model.layers.19.self_attn.q_proj,4075,5072.559,4096,51,21,1,0.4724572895027137,98.02831,51.745857,success,9.900924682617188,0.00011906750296475366,,5,98.02831268310547,9.24398422241211
134,273,Linear,0.037184097407694794,1024,4096,4.0,4.974815448113313,8.649351802155138,0.9911312618228814,True,54.78071,dense,8.662086404265096,3.452971,1.7386277,model.layers.19.self_attn.k_proj,1024,2837.728,1024,34,0,1,0.6816752255540204,54.78071,51.801594,success,7.4013991355896,0.18637746572494507,,0,54.78070831298828,9.480624198913574
135,274,Linear,0.08010519351417444,1024,4096,4.0,8.792979674309505,1.0252588039568524,1.018628879706287,True,1.3079758,dense,1.6114891835205558,2.5189643,0.1165997,model.layers.19.self_attn.v_proj,1024,330.34235,1024,45,0,1,1.1617088199353482,1.3079758,252.55998,success,1.1436676979064941,0.12663690745830536,under-trained,0,1.3079757690429688,0.7976986765861511
136,275,Linear,0.03156117900421246,4096,4096,1.0,4.007768259848433,4.220871193961885,1.1451654110248222,True,11.302446,dense,4.377066959283065,3.2031748,1.0531725,model.layers.19.self_attn.o_proj,4085,1596.521,4096,292,11,1,0.176016323816385,11.302446,141.25447,success,3.3619110584259033,2.6250958399032243e-05,,6,11.302446365356445,1.2634576559066772
137,278,Linear,0.01448996209333675,4096,14336,3.5,4.913908670917658,10.510046652125201,1.185687834314683,True,137.66898,dense,10.510380888139622,4.0717173,2.1388364,model.layers.19.mlp.gate_proj,4096,11795.521,4096,392,0,1,0.19768224015362165,137.66898,85.68032,success,11.73324203491211,0.16512861847877502,,0,137.66897583007812,5.6966776847839355
138,279,Linear,0.01710751939720523,4096,14336,3.5,7.933043190608919,8.552935129892797,1.194160846232269,True,11.971278,dense,8.59131070035858,3.8070953,1.0781405,model.layers.19.mlp.up_proj,4096,6413.4995,4096,164,0,1,0.5413797182067895,11.971278,535.7406,success,3.459953546524048,0.13584564626216888,under-trained,0,11.971278190612793,3.5632874965667725
139,280,Linear,0.03183673087310579,4096,14336,3.5,5.284484791994946,5.981506827179659,1.1930676098502098,True,13.548762,dense,6.319470243527752,3.8035812,1.1318997,model.layers.19.mlp.down_proj,4096,6361.8164,4096,64,0,1,0.5355605989993683,13.548762,469.54962,success,3.6808643341064453,0.20266884565353394,,0,13.548762321472168,4.091243267059326
140,286,Linear,0.04338810684150457,4096,4096,1.0,4.749212763651078,9.26802953876707,1.1271618270326746,True,89.43088,dense,9.27037983080306,3.695264,1.9514875,model.layers.20.self_attn.q_proj,4074,4957.516,4096,58,22,1,0.49229575402716513,89.43088,55.434055,success,9.45678997039795,0.00010126388951903209,,4,89.43087768554688,8.88138198852539
141,287,Linear,0.029295383815562848,1024,4096,4.0,4.752971800189732,8.343812903805258,0.9855355655486507,True,56.950024,dense,8.36309013917664,3.4409497,1.7554939,model.layers.20.self_attn.k_proj,1024,2760.2568,1024,40,0,1,0.5933969441490947,56.950024,48.468056,success,7.5465240478515625,0.18868976831436157,,0,56.95002365112305,9.188190460205078
142,288,Linear,0.04528910040455064,1024,4096,4.0,10.696442968548567,1.3438997121903702,1.023637771180734,True,1.3354876,dense,1.7775985040502642,2.5609992,0.12563987,model.layers.20.self_attn.v_proj,1024,363.91425,1024,31,0,1,1.7415325679515632,1.3354876,272.49542,success,1.1556329727172852,0.16444890201091766,under-trained,0,1.3354876041412354,0.8767254948616028
143,289,Linear,0.03224785597691304,4096,4096,1.0,5.214647341874936,5.986233019537946,1.1480489706378691,True,14.059342,dense,5.992158909528538,3.1940444,1.1479651,model.layers.20.self_attn.o_proj,4084,1563.3069,4096,144,12,1,0.3512206118229113,14.059342,111.19346,success,3.7495789527893066,7.96529566287063e-05,,7,14.059342384338379,1.5648325681686401
144,292,Linear,0.015646581476645438,4096,14336,3.5,5.109755202029519,10.881805582956735,1.186581914787394,True,134.77637,dense,10.88203726921058,4.071623,2.1296139,model.layers.20.mlp.gate_proj,4096,11792.953,4096,364,0,1,0.21540970304632845,134.77637,87.50015,success,11.609322547912598,0.17841312289237976,,0,134.7763671875,5.775452136993408
145,293,Linear,0.03128078937768042,4096,14336,3.5,8.254802680352796,9.080995596791853,1.1942918970119956,True,12.591755,dense,9.100562818663997,3.8099866,1.1000863,model.layers.20.mlp.up_proj,4096,6456.341,4096,213,0,1,0.49709088886042513,12.591755,512.7435,success,3.5484862327575684,0.14500677585601807,under-trained,0,12.591754913330078,3.4358696937561035
146,294,Linear,0.02618852281634587,4096,14336,3.5,5.076478340281572,5.695268180392075,1.1933631906989721,True,13.240166,dense,6.1682412477929205,3.806762,1.1218935,model.layers.20.mlp.down_proj,4096,6408.58,4096,53,0,1,0.5599473637456925,13.240166,484.02567,success,3.6387038230895996,0.19698484241962433,,0,13.240165710449219,4.23724889755249
147,300,Linear,0.038780452123233555,4096,4096,1.0,4.364450987708567,8.70745330455681,1.1274282120755865,True,98.874756,dense,8.710846071081763,3.6849425,1.9950856,model.layers.21.self_attn.q_proj,4075,4841.082,4096,45,21,1,0.5015427410321777,98.874756,48.96176,success,9.943578720092773,0.0001735851401463151,,3,98.874755859375,9.148505210876465
148,301,Linear,0.028275731869729093,1024,4096,4.0,4.1693024864662895,7.255691240755554,0.9861427330941241,True,54.987633,dense,7.346017656696563,3.4468198,1.740265,model.layers.21.self_attn.k_proj,1024,2797.8196,1024,50,0,1,0.4482070559623399,54.987633,50.880886,success,7.415364742279053,0.1504596322774887,,0,54.987632751464844,8.623050689697266
149,302,Linear,0.056167666490303914,1024,4096,4.0,8.537233087984722,1.0785586782038956,1.0268191062295016,True,1.3376296,dense,1.8618375084455447,2.5889497,0.12633586,model.layers.21.self_attn.v_proj,1024,388.1054,1024,62,0,1,0.9572295594040977,1.3376296,290.14417,success,1.1565593481063843,0.20687562227249146,under-trained,0,1.3376295566558838,0.8120171427726746
150,303,Linear,0.02055103016395743,4096,4096,1.0,6.5173617905880405,5.89912939996518,1.151431348211148,True,8.037865,dense,5.916638902779247,3.2149813,0.9051407,model.layers.21.self_attn.o_proj,4088,1640.5186,4096,64,8,1,0.6896702238235051,8.037865,204.0988,success,2.8351128101348877,1.2101078937121201e-05,under-trained,5,8.037864685058594,1.9524532556533813
151,306,Linear,0.015381663537040735,4096,14336,3.5,5.190231828454422,10.878605652323412,1.1872854384832845,True,124.73164,dense,10.878948508121349,4.078695,2.0959768,model.layers.21.mlp.gate_proj,4096,11986.562,4096,359,0,1,0.2211519774909745,124.73164,96.0988,success,11.16833209991455,0.1801386922597885,,0,124.73164367675781,5.883711338043213
152,307,Linear,0.0367029273410201,4096,14336,3.5,8.34854960914962,9.393294665850528,1.1943656202415356,True,13.33954,dense,9.40656836209499,3.812574,1.1251409,model.layers.21.mlp.up_proj,4096,6494.9175,4096,240,0,1,0.47434683758359164,13.33954,486.89218,success,3.6523334980010986,0.14759774506092072,under-trained,0,13.339539527893066,3.3800342082977295
153,308,Linear,0.03646016485720727,4096,14336,3.5,7.279412079889559,7.998327748818814,1.1945105442884074,True,12.553363,dense,8.12139848740383,3.8092546,1.0987601,model.layers.21.mlp.down_proj,4096,6445.4688,4096,331,0,1,0.3451477028237918,12.553363,513.44556,success,3.543072462081909,0.22476954758167267,under-trained,0,12.553362846374512,3.1176912784576416
154,314,Linear,0.04003470981000745,4096,4096,1.0,3.1953502498598474,6.128980362078956,1.1302742421986045,True,82.812035,dense,6.180825209972095,3.6620219,1.9180934,model.layers.22.self_attn.q_proj,4076,4592.21,4096,333,20,1,0.120304452619174,82.812035,55.453415,success,9.100111961364746,0.0003011203370988369,,5,82.8120346069336,3.392467737197876
155,315,Linear,0.030884813762818264,1024,4096,4.0,4.321721701391349,7.309829857211975,0.9879818467538442,True,49.137844,dense,7.380829853374444,3.4287932,1.6914161,model.layers.22.self_attn.k_proj,1024,2684.0652,1024,76,0,1,0.3810276109192336,49.137844,54.623177,success,7.009839057922363,0.19817546010017395,,0,49.13784408569336,6.847500324249268
156,316,Linear,0.0792786607652905,1024,4096,4.0,4.096554051705662,0.6355449407065848,1.0207865740257722,True,1.4293591,dense,2.2921581714224315,2.6336613,0.15514135,model.layers.22.self_attn.v_proj,1024,430.19092,1024,240,0,1,0.19988170454811882,1.4293591,300.9677,success,1.1955580711364746,0.19407308101654053,,0,1.4293590784072876,0.6011218428611755
157,317,Linear,0.0315399043510185,4096,4096,1.0,6.100228750742322,6.320327202668396,1.1527661007518546,True,10.866267,dense,6.323924067992534,3.2302594,1.0360804,model.layers.22.self_attn.o_proj,4087,1699.2577,4096,172,9,1,0.38888879642872526,10.866267,156.37915,success,3.2964022159576416,3.6096184885536786e-06,under-trained,6,10.866267204284668,1.5617529153823853
158,320,Linear,0.018289417761073734,4096,14336,3.5,5.351117518499793,11.195666977691653,1.1875424952183213,True,123.654755,dense,11.195856114493512,4.0786514,2.092211,model.layers.22.mlp.gate_proj,4096,11985.359,4096,358,0,1,0.22996370651100306,123.654755,96.92599,success,11.120016098022461,0.17551620304584503,,0,123.65475463867188,5.9029388427734375
159,321,Linear,0.039354113467621854,4096,14336,3.5,9.190558949193731,10.093327873589875,1.1939317653417232,True,12.537986,dense,10.103934745561627,3.8153117,1.0982279,model.layers.22.mlp.up_proj,4096,6535.992,4096,183,0,1,0.605463539625134,12.537986,521.2952,success,3.5409018993377686,0.144073024392128,under-trained,0,12.537985801696777,3.5894713401794434
160,322,Linear,0.023929131202832132,4096,14336,3.5,8.354444639631424,8.286672775302769,1.1944152658999974,True,9.814946,dense,8.474482408665613,3.8121743,0.9918879,model.layers.22.mlp.down_proj,4096,6488.944,4096,226,0,1,0.48921038038015546,9.814946,661.12885,success,3.1328814029693604,0.18778632581233978,under-trained,0,9.814946174621582,3.3873283863067627
161,328,Linear,0.03576059920072644,4096,4096,1.0,3.3406144377454523,6.526966037826417,1.1353458949450028,True,89.91289,dense,6.551763004384795,3.6658556,1.953822,model.layers.23.self_attn.q_proj,4077,4632.928,4096,348,19,1,0.12547010389646082,89.91289,51.526855,success,9.482240676879883,9.113477972277906e-06,,5,89.91288757324219,3.26806902885437
162,329,Linear,0.03155058059885962,1024,4096,4.0,4.351220343287308,7.392864974101607,0.9928869982941678,True,50.007202,dense,7.464734436708453,3.4257393,1.6990325,model.layers.23.self_attn.k_proj,1024,2665.2578,1024,68,0,1,0.40639516029683076,50.007202,53.297478,success,7.071577072143555,0.18355688452720642,,0,50.0072021484375,6.7557501792907715
163,330,Linear,0.051367999312563084,1024,4096,4.0,12.491751003577184,4.004186416379491,1.0234438435452606,True,2.0919266,dense,4.063690909601293,2.67869,0.32054645,model.layers.23.self_attn.v_proj,1024,477.18832,1024,23,0,1,2.3961957270006975,2.0919266,228.1095,success,1.4463493824005127,0.23116829991340637,under-trained,0,2.0919265747070312,1.255039930343628
164,331,Linear,0.026168780441364947,4096,4096,1.0,6.731182444570808,6.3382974069085165,1.1566726621989893,True,8.742428,dense,6.344235022874916,3.246675,0.9416321,model.layers.23.self_attn.o_proj,4088,1764.7163,4096,137,8,1,0.4896479609290936,8.742428,201.85655,success,2.9567596912384033,0.0001622158888494596,under-trained,6,8.742427825927734,1.6438206434249878
165,334,Linear,0.021637487055624294,4096,14336,3.5,5.945051795443782,12.20191554093322,1.1886927151852662,True,112.83632,dense,12.201981266333629,4.080027,2.052449,model.layers.23.mlp.gate_proj,4096,12023.386,4096,294,0,1,0.28840127739216864,112.83632,106.55599,success,10.622444152832031,0.18056827783584595,,0,112.83631896972656,6.226397514343262
166,335,Linear,0.050143743038494504,4096,14336,3.5,9.484085805320937,9.965397669790443,1.1938864765770758,True,11.239561,dense,9.987984111399431,3.8187397,1.0507494,model.layers.23.mlp.up_proj,4096,6587.787,4096,207,0,1,0.5896847268354801,11.239561,586.12494,success,3.3525454998016357,0.15350383520126343,under-trained,0,11.239561080932617,3.56044864654541
167,336,Linear,0.012910506521709886,4096,14336,3.5,6.809474837068799,6.909642679751372,1.1931608244468133,True,10.344512,dense,7.251081497409213,3.8157966,1.0147101,model.layers.23.mlp.down_proj,4096,6543.2944,4096,254,0,1,0.3645188711322876,10.344512,632.5378,success,3.2162885665893555,0.18591509759426117,under-trained,0,10.344511985778809,3.3937387466430664
168,342,Linear,0.0276838068869249,4096,4096,1.0,3.0149639913412334,5.708282172075621,1.1295311396143415,True,78.219826,dense,5.804815034525187,3.65137,1.8933169,model.layers.24.self_attn.q_proj,4075,4480.948,4096,474,21,1,0.09255036132071286,78.219826,57.286606,success,8.844197273254395,0.00028621091041713953,,5,78.2198257446289,2.6234490871429443
169,343,Linear,0.021987149394925742,1024,4096,4.0,4.281929331936814,7.11540707419154,0.984153512978,True,45.891163,dense,7.2674898981231655,3.382571,1.6617292,model.layers.24.self_attn.k_proj,1024,2413.0757,1024,95,0,1,0.33671884476404634,45.891163,52.58258,success,6.774301528930664,0.16967268288135529,,0,45.89116287231445,5.693587303161621
170,344,Linear,0.10492524163546124,1024,4096,4.0,4.261115960953626,1.1596054778236273,1.0158819728299266,True,1.8712704,dense,2.861139999817743,2.7594485,0.27213657,model.layers.24.self_attn.v_proj,1024,574.70953,1024,233,0,1,0.21364280999108357,1.8712704,307.12265,success,1.3679438829421997,0.1844644993543625,,0,1.8712704181671143,0.8580614924430847
171,345,Linear,0.01987173940802789,4096,4096,1.0,5.315792829786927,4.365277495891848,1.1551066177263756,True,6.6250668,dense,4.688921795304575,3.285841,0.8211903,model.layers.24.self_attn.o_proj,4091,1931.2605,4096,156,5,1,0.3455399690195067,6.6250668,291.5081,success,2.573920488357544,0.00012471119407564402,,4,6.625066757202148,1.750719428062439
172,348,Linear,0.028354746200048853,4096,14336,3.5,6.292619868049201,12.483205114016654,1.1897583196881356,True,96.33515,dense,12.483295437722925,4.0836587,1.983785,model.layers.24.mlp.gate_proj,4096,12124.349,4096,303,0,1,0.3040530669966398,96.33515,125.85591,success,9.815047264099121,0.19723182916641235,under-trained,0,96.33515167236328,6.229444980621338
173,349,Linear,0.05511111537015689,4096,14336,3.5,10.224368860927138,10.017783446096745,1.1940105333956796,True,9.545415,dense,10.154423158131795,3.8225603,0.9797948,model.layers.24.mlp.up_proj,4096,6645.9976,4096,195,0,1,0.6605707744936105,9.545415,696.25024,success,3.0895655155181885,0.15784138441085815,under-trained,0,9.545414924621582,3.6335341930389404
174,350,Linear,0.024503723108978304,4096,14336,3.5,5.185271309032262,5.98752323953442,1.1912245291117092,True,14.279643,dense,6.401141724137243,3.82003,1.1547174,model.layers.24.mlp.down_proj,4096,6607.3887,4096,486,0,1,0.18984776189331948,14.279643,462.71387,success,3.778841495513916,0.18385523557662964,,0,14.279643058776855,2.9503233432769775
175,356,Linear,0.026696675459837532,4096,4096,1.0,2.9714154908788917,5.7446390398057225,1.129876880279647,True,85.76309,dense,5.820004996212621,3.6374474,1.9333005,model.layers.25.self_attn.q_proj,4073,4339.577,4096,527,23,1,0.08587620759934417,85.76309,50.599586,success,9.260836601257324,0.0001670768833719194,,5,85.76309204101562,2.3334264755249023
176,357,Linear,0.020693462413676533,1024,4096,4.0,4.484918043920338,7.393623554026255,0.990670417115525,True,44.519733,dense,7.51533527469315,3.3778837,1.6485527,model.layers.25.self_attn.k_proj,1024,2387.1716,1024,122,0,1,0.31550965500336214,44.519733,53.62053,success,6.672310829162598,0.1114666610956192,,0,44.51973342895508,4.926290512084961
177,358,Linear,0.057824780334501336,1024,4096,4.0,17.594302001427792,6.3263374922092686,1.020602690177024,True,2.2885869,dense,6.491187203262043,2.765137,0.3595674,model.layers.25.self_attn.v_proj,1024,582.28674,1024,18,0,1,3.9113144914223636,2.2885869,254.4307,success,1.5128076076507568,0.17934076488018036,under-trained,0,2.2885868549346924,1.737762212753296
178,359,Linear,0.01857327701444378,4096,4096,1.0,4.755742769682287,4.143512763308417,1.1556358563137843,True,7.434728,dense,4.5796889542170724,3.2900653,0.8712651,model.layers.25.self_attn.o_proj,4090,1950.1371,4096,267,6,1,0.22984772480781437,7.434728,262.30106,success,2.7266697883605957,4.2878124077105895e-05,,4,7.434728145599365,1.4811739921569824
179,362,Linear,0.03418826025239441,4096,14336,3.5,6.497854985589024,12.703182064331319,1.1902566107543577,True,90.15312,dense,12.703342850283029,4.0898137,1.9549809,model.layers.25.mlp.gate_proj,4096,12297.399,4096,305,0,1,0.31480626070474715,90.15312,136.4057,success,9.49489974975586,0.21831506490707397,under-trained,0,90.15312194824219,6.307129859924316
180,363,Linear,0.055533009462524485,4096,14336,3.5,10.892526232117678,11.030901150870807,1.1942780237448505,True,10.296832,dense,11.057942720909649,3.8300302,1.0127037,model.layers.25.mlp.up_proj,4096,6761.295,4096,179,0,1,0.7394021261853836,10.296832,656.63837,success,3.2088677883148193,0.17748486995697021,under-trained,0,10.296832084655762,3.7278034687042236
181,364,Linear,0.036437551747058095,4096,14336,3.5,4.255399683828195,5.267461572930335,1.188328685241581,True,17.291391,dense,5.95752280239035,3.8274498,1.23783,model.layers.25.mlp.down_proj,4096,6721.241,4096,716,0,1,0.12165999823133747,17.291391,388.70447,success,4.158291816711426,0.2005467414855957,,0,17.291391372680664,2.5949885845184326
182,370,Linear,0.0319076186756877,4096,4096,1.0,4.523097531514132,8.619526092637724,1.1291126757580259,True,80.476456,dense,8.623964341274158,3.6436782,1.9056689,model.layers.26.self_attn.q_proj,4076,4402.285,4096,58,20,1,0.4626053694800146,80.476456,54.70277,success,8.970867156982422,6.856140680611134e-05,,4,80.47645568847656,7.942089080810547
183,371,Linear,0.03275099802099335,1024,4096,4.0,4.175685530577811,7.164527437556058,0.9799690375317598,True,51.972393,dense,7.276659593201978,3.4063416,1.7157727,model.layers.26.self_attn.k_proj,1024,2548.8335,1024,70,0,1,0.37956702003958726,51.972393,49.042065,success,7.209187984466553,0.15797188878059387,,0,51.97239303588867,6.948929309844971
184,372,Linear,0.043280019144493365,1024,4096,4.0,9.41498137668256,3.178688163991623,1.032103238736063,True,2.1758063,dense,3.7560951594491088,2.8082101,0.33762023,model.layers.26.self_attn.v_proj,1024,642.99854,1024,49,0,1,1.2021401966689371,2.1758063,295.52197,success,1.4750614166259766,0.25953570008277893,under-trained,0,2.1758062839508057,1.3140443563461304
185,373,Linear,0.02405478178184217,4096,4096,1.0,6.135797713111072,6.322596098178945,1.153467287468567,True,10.726153,dense,6.335115051495005,3.3075736,1.030444,model.layers.26.self_attn.o_proj,4087,2030.3617,4096,158,9,1,0.4085821280718569,10.726153,189.29076,success,3.275080680847168,3.21590450766962e-05,under-trained,7,10.726153373718262,1.876562237739563
186,376,Linear,0.040039586503025415,4096,14336,3.5,6.331760993121825,12.855883971581038,1.1899245695836769,True,107.245804,dense,12.856035364745246,4.095857,2.0303805,model.layers.26.mlp.gate_proj,4096,12469.728,4096,344,0,1,0.28746928697312263,107.245804,116.27241,success,10.355955123901367,0.22978833317756653,under-trained,0,107.24580383300781,6.188516139984131
187,377,Linear,0.05916514945852103,4096,14336,3.5,10.967734726198206,12.423029855333855,1.1946972027918152,True,13.573403,dense,12.423739803672698,3.8370743,1.1326888,model.layers.26.mlp.up_proj,4096,6871.8555,4096,179,0,1,0.7450234729602648,13.573403,506.2736,success,3.6842100620269775,0.18328186869621277,under-trained,0,13.573403358459473,3.754805326461792
188,378,Linear,0.020545247505878828,4096,14336,3.5,4.327546445161788,4.922601311888357,1.1882404008142935,True,13.724733,dense,5.918676535299096,3.8347309,1.137504,model.layers.26.mlp.down_proj,4096,6834.876,4096,583,0,1,0.1378128926739102,13.724733,497.997,success,3.70469069480896,0.1540178656578064,,0,13.724733352661133,2.8624722957611084
189,384,Linear,0.025754699311284823,4096,4096,1.0,3.102088964540208,6.142849918752924,1.1286804518152904,True,95.54985,dense,6.179804990629452,3.629188,1.9802301,model.layers.27.self_attn.q_proj,4070,4257.827,4096,465,26,1,0.09748204152055116,95.54985,44.561317,success,9.7749605178833,2.894926910812501e-05,,6,95.54985046386719,2.5331881046295166
190,385,Linear,0.03461346316712033,1024,4096,4.0,4.664611308776644,8.066435146438094,0.9852573664149668,True,53.61464,dense,8.09546283158408,3.3963587,1.7292835,model.layers.27.self_attn.k_proj,1024,2490.9128,1024,101,0,1,0.3646424539896863,53.61464,46.459564,success,7.322201728820801,0.151117205619812,,0,53.61463928222656,5.833093166351318
191,386,Linear,0.06385139053294386,1024,4096,4.0,3.1928721245270544,1.4912056653800252,1.0151218783125986,True,2.9311771,dense,3.200382571968404,2.8708282,0.4670421,model.layers.27.self_attn.v_proj,1024,742.7249,1024,337,0,1,0.11945335623625743,2.9311771,253.38794,success,1.7120680809020996,0.2649298906326294,,0,2.9311771392822266,0.8166010975837708
192,387,Linear,0.03421863829220795,4096,4096,1.0,5.223123844975111,6.599702642617121,1.1497823447592235,True,18.34656,dense,6.608766795083579,3.3305054,1.2635547,model.layers.27.self_attn.o_proj,4085,2140.4504,4096,187,11,1,0.30882540115040386,18.34656,116.66767,success,4.283288478851318,4.204352808301337e-05,,6,18.346559524536133,1.9415960311889648
193,390,Linear,0.04377292029579749,4096,14336,3.5,6.002890311125624,12.950344380037208,1.1885397652813683,True,143.66507,dense,12.950499643821193,4.10297,2.1573515,model.layers.27.mlp.gate_proj,4096,12675.635,4096,402,0,1,0.24952148964351148,143.66507,88.23045,success,11.98603630065918,0.25685760378837585,under-trained,0,143.66506958007812,6.024929523468018
194,391,Linear,0.06017503980544914,4096,14336,3.5,9.799316878017486,12.46449816385545,1.194734007079035,True,18.705793,dense,12.46467736797404,3.8481565,1.2719762,model.layers.27.mlp.up_proj,4096,7049.465,4096,224,0,1,0.5879290891999776,18.705793,376.86,success,4.325019359588623,0.20093943178653717,under-trained,0,18.705793380737305,3.710587739944458
195,392,Linear,0.023655541437476058,4096,14336,3.5,3.953904613751346,4.452103378640381,1.1868013646495086,True,13.366008,dense,5.735399380289317,3.844418,1.1260017,model.layers.27.mlp.down_proj,4096,6989.0464,4096,715,0,1,0.1104697690959566,13.366008,522.8971,success,3.6559550762176514,0.20269760489463806,,0,13.366007804870605,2.665969133377075
196,398,Linear,0.01383267438066299,4096,4096,1.0,3.4884870056473205,7.110423503762548,1.1317811001216438,True,109.20792,dense,7.118771681080303,3.6294885,2.0382543,model.layers.28.self_attn.q_proj,4073,4260.7725,4096,281,23,1,0.14845068890566945,109.20792,39.015236,success,10.4502592086792,1.1666431419143919e-05,,4,109.20791625976562,3.3142919540405273
197,399,Linear,0.025846882090598378,1024,4096,4.0,3.8817960440795627,6.813900943872944,0.9878221092690731,True,56.930824,dense,6.846767165848669,3.3539217,1.7553475,model.layers.28.self_attn.k_proj,1024,2259.028,1024,58,0,1,0.3783983587773471,56.930824,39.68023,success,7.545251846313477,0.12421815097332001,,0,56.930824279785156,6.161825180053711
198,400,Linear,0.04400802034191231,1024,4096,4.0,10.118136718536295,4.861361355276198,1.032322963768948,True,3.0231528,dense,4.966865990742214,2.9032903,0.48046014,model.layers.28.self_attn.v_proj,1024,800.3686,1024,42,0,1,1.4069590410825064,3.0231528,264.7463,success,1.7387216091156006,0.3160947859287262,under-trained,0,3.0231528282165527,1.5568259954452515
199,401,Linear,0.05478439933478518,4096,4096,1.0,5.729106887635521,7.693359012881609,1.1469577057327465,True,22.021898,dense,7.696295230302267,3.353298,1.3428549,model.layers.28.self_attn.o_proj,4085,2255.7856,4096,207,11,1,0.32869565056286576,22.021898,102.433754,success,4.692749500274658,8.017145592020825e-05,,4,22.02189826965332,2.0589330196380615
200,404,Linear,0.03669343170972039,4096,14336,3.5,5.337836973315909,11.585924263207897,1.187625620166092,True,148.09068,dense,11.586920798638419,4.0978613,2.170528,model.layers.28.mlp.gate_proj,4096,12527.4,4096,467,0,1,0.20073115607018527,148.09068,84.592766,success,12.169251441955566,0.24743175506591797,,0,148.09068298339844,5.644571304321289
201,405,Linear,0.0518655739859587,4096,14336,3.5,8.18006967109276,11.68327677941341,1.194324573715602,True,26.807802,dense,11.683552454153476,3.8661318,1.4282613,model.layers.28.mlp.up_proj,4096,7347.3623,4096,280,0,1,0.4290912343952128,26.807802,274.07553,success,5.1776251792907715,0.2045275717973709,under-trained,0,26.807802200317383,3.717609167098999
202,406,Linear,0.030272928482633743,4096,14336,3.5,4.2604525846272185,4.75947906317927,1.1882696378648887,True,13.095734,dense,6.032546044867907,3.859204,1.1171299,model.layers.28.mlp.down_proj,4096,7231.0913,4096,688,0,1,0.12430358944822414,13.095734,552.1715,success,3.618802785873413,0.19650916755199432,,0,13.095733642578125,2.8353004455566406
203,412,Linear,0.014666413379655574,4096,4096,1.0,3.3212669727495245,6.317710813677735,1.1362491105237182,True,79.83604,dense,6.354296913131377,3.624512,1.902199,model.layers.29.self_attn.q_proj,4076,4212.2275,4096,394,20,1,0.11694374063649231,79.83604,52.76098,success,8.935101509094238,0.00014057892258279026,,5,79.8360366821289,2.703555107116699
204,413,Linear,0.02421132789052416,1024,4096,4.0,4.123448883053917,7.258071718465344,0.9951822787331802,True,57.56976,dense,7.283322455263615,3.3940275,1.7601944,model.layers.29.self_attn.k_proj,1024,2477.5776,1024,114,0,1,0.29253779070689884,57.56976,43.036095,success,7.5874738693237305,0.1504381150007248,,0,57.569759368896484,5.070261001586914
205,414,Linear,0.0731602817567979,1024,4096,4.0,10.316819112760879,5.556380172804319,1.0303378712364095,True,3.4560094,dense,5.6985318381994166,2.940007,0.53857493,model.layers.29.self_attn.v_proj,1024,870.9773,1024,72,0,1,1.0979976622869418,3.4560094,252.0182,success,1.859034538269043,0.19515281915664673,under-trained,0,3.4560093879699707,1.6798678636550903
206,415,Linear,0.03807392522823061,4096,4096,1.0,4.902025629648524,5.84619205464158,1.1476353587799295,True,15.581433,dense,5.947444392726643,3.382531,1.1926074,model.layers.29.self_attn.o_proj,4086,2412.8533,4096,61,10,1,0.49960318703839085,15.581433,154.85439,success,3.9473323822021484,1.7374044546158984e-05,,5,15.581433296203613,2.938697099685669
207,418,Linear,0.03411584552440816,4096,14336,3.5,4.7461236883326166,10.517013294563434,1.1851246484616496,True,164.40543,dense,10.52121124825363,4.0954947,2.2159164,model.layers.29.mlp.gate_proj,4096,12459.314,4096,552,0,1,0.15944561273615954,164.40543,75.78408,success,12.822068214416504,0.277334988117218,,0,164.40542602539062,5.313538551330566
208,419,Linear,0.03557533187366768,4096,14336,3.5,6.84725302888397,10.975237602841116,1.1929294504542598,True,40.07441,dense,10.97576569489055,3.8899193,1.6028672,model.layers.29.mlp.up_proj,4096,7761.026,4096,308,0,1,0.3331781629384906,40.07441,193.66539,success,6.330435276031494,0.2472272366285324,under-trained,0,40.07440948486328,3.8775529861450195
209,420,Linear,0.03133215979074111,4096,14336,3.5,8.558828519471842,7.946420262464266,1.1936710396434742,True,8.481002,dense,8.548967081916949,3.8748465,0.9284472,model.layers.29.mlp.down_proj,4096,7496.2866,4096,162,0,1,0.5938776559938679,8.481002,883.89166,success,2.9122159481048584,0.20658943057060242,under-trained,0,8.481001853942871,4.268919467926025
210,426,Linear,0.022298972578768672,4096,4096,1.0,2.369914191567149,4.896960273714875,1.092082851500036,True,116.49375,dense,5.108934780158246,3.582971,2.0663028,model.layers.30.self_attn.q_proj,4060,3827.9922,4096,559,36,1,0.05794119670797138,116.49375,32.860065,success,10.793227195739746,0.00011198122228961438,,7,116.4937515258789,1.6887857913970947
211,427,Linear,0.046181083368814546,1024,4096,4.0,4.008391252926027,6.938150898002013,0.9540359114134979,True,53.815407,dense,6.98711826561664,3.27983,1.7309066,model.layers.30.self_attn.k_proj,1024,1904.7144,1024,47,0,1,0.4388189645303953,53.815407,35.39348,success,7.335898399353027,0.1271241009235382,,0,53.815406799316406,7.559582710266113
212,428,Linear,0.042342724348580774,1024,4096,4.0,3.363266379382801,2.4883877540079324,1.0161560443800248,True,5.4937935,dense,4.003465246821488,3.0982714,0.73987234,model.layers.30.self_attn.v_proj,1024,1253.924,1024,409,0,1,0.11685600170415468,5.4937935,228.24373,success,2.343884229660034,0.2798531651496887,,0,5.493793487548828,1.271430253982544
213,429,Linear,0.03991012347895073,4096,4096,1.0,5.864513687767491,7.403320315493519,1.140976267236057,True,18.297543,dense,7.4204299578040755,3.4412816,1.2623929,model.layers.30.self_attn.o_proj,4083,2762.3677,4096,100,13,1,0.48645136877674905,18.297543,150.96933,success,4.277562618255615,0.00021622823260258883,,6,18.297542572021484,3.328061580657959
214,432,Linear,0.028722168584049523,4096,14336,3.5,4.246197661661734,9.871628214335118,1.1812169733307272,True,211.25937,dense,9.883991297966801,4.1257243,2.324816,model.layers.30.mlp.gate_proj,4096,13357.463,4096,659,0,1,0.12645390733660689,211.25937,63.22779,success,14.534764289855957,0.3230837881565094,,0,211.25936889648438,5.241724014282227
215,433,Linear,0.026383328403982276,4096,14336,3.5,5.245195787696035,10.329332341703891,1.1878328019324667,True,93.17381,dense,10.330599432134838,3.9116247,1.969294,model.layers.30.mlp.up_proj,4096,8158.7656,4096,425,0,1,0.20592224275409315,93.17381,87.56501,success,9.652658462524414,0.30295678973197937,,0,93.17381286621094,3.7705705165863037
216,434,Linear,0.03944451346201572,4096,14336,3.5,8.617957839892032,8.764576812793837,1.1947928251455266,True,10.399516,dense,9.061991360681652,3.881105,1.0170132,model.layers.30.mlp.down_proj,4096,7605.0957,4096,208,0,1,0.5282103385779541,10.399516,731.2932,success,3.224828004837036,0.4115137755870819,under-trained,0,10.399516105651855,4.085206031799316
217,440,Linear,0.020462631149581023,4096,4096,1.0,2.6948776411693505,5.869646463317636,1.1076784496965209,True,150.68674,dense,5.94698566829747,3.6646302,2.1780753,model.layers.31.self_attn.q_proj,4065,4619.874,4096,387,31,1,0.08615547238900777,150.68674,30.658796,success,12.275452613830566,0.00010377127910032868,,6,150.68673706054688,2.841113328933716
218,441,Linear,0.02142010293418528,1024,4096,4.0,3.9003748423944544,7.197286213799811,0.9729830335197069,True,70.02944,dense,7.22488727297289,3.3538353,1.8452806,model.layers.31.self_attn.k_proj,1024,2258.579,1024,43,0,1,0.4423030168938079,70.02944,32.25185,success,8.368359565734863,0.12704040110111237,,0,70.0294418334961,7.97786808013916
219,442,Linear,0.0514488708957348,1024,4096,4.0,6.92833717069172,5.148007461438496,1.0197295686625045,True,5.5339656,dense,5.340781603712298,2.9973063,0.7430365,model.layers.31.self_attn.v_proj,1024,993.81616,1024,77,0,1,0.6755967214191274,5.5339656,179.58481,success,2.35243821144104,0.22087590396404266,under-trained,0,5.533965587615967,2.120065689086914
220,443,Linear,0.02715225818985134,4096,4096,1.0,5.3072175453709525,5.451821149376233,1.143235939152681,True,10.647474,dense,5.846652361986652,3.4301395,1.0272466,model.layers.31.self_attn.o_proj,4088,2692.3982,4096,118,8,1,0.3965115146034819,10.647474,252.86731,success,3.2630467414855957,5.739702100981958e-05,,5,10.64747428894043,3.048612356185913
221,446,Linear,0.024799812082775485,4096,14336,3.5,2.9117864795874415,7.889716165406436,1.1667769660244143,True,512.36456,dense,7.9347991112364715,4.239377,2.7095792,model.layers.31.mlp.gate_proj,4096,17353.09,4096,97,0,1,0.19411250706034108,512.36456,33.868637,success,22.63547134399414,0.5727341175079346,,0,512.3645629882812,12.234233856201172
222,447,Linear,0.019822272947512265,4096,14336,3.5,3.681182765358361,9.139236870420822,1.1692763325574516,True,303.8716,dense,9.147788038284899,4.040862,2.4826903,model.layers.31.mlp.up_proj,4096,10986.559,4096,665,0,1,0.10397180807347359,303.8716,36.155266,success,17.431913375854492,0.4843539595603943,,0,303.8716125488281,4.144539833068848
223,448,Linear,0.024255233762429218,4096,14336,3.5,6.961390727894512,7.95939906918186,1.192608874793616,True,13.911158,dense,8.316417851687275,3.9084651,1.1433634,model.layers.31.mlp.down_proj,4096,8099.625,4096,224,0,1,0.39831217236557476,13.911158,582.23944,success,3.729766368865967,0.5357221961021423,under-trained,0,13.911157608032227,4.472914218902588
