,alpha,spectral_norm,D,longname,eigs,norm,alphahat
0,1.4088895320892334,934.032470703125,0.12158352136611938,model.layers.0.self_attn.q_proj,"[1.11395526e-13 1.77837508e-12 2.29396103e-12 ... 1.37224701e+02
 2.68866791e+02 9.34032471e+02]",5288.1494140625,4.184911892114384
1,1.3268506526947021,334.8128356933594,0.12116286158561707,model.layers.0.self_attn.k_proj,"[4.63565084e-06 6.02529371e-06 1.00047137e-05 ... 7.55775833e+01
 1.19628555e+02 3.34812836e+02]",2788.04638671875,3.3500353131871536
2,3.228811025619507,2.293623924255371,0.1003461480140686,model.layers.0.self_attn.v_proj,[0.00390488 0.00983898 0.01253111 ... 1.334762   1.7205925  2.293624  ],177.82977294921875,1.164058086584622
3,3.218425750732422,20.29399871826172,0.06878381967544556,model.layers.0.self_attn.o_proj,"[1.5944389e-09 7.5941262e-09 5.1702838e-08 ... 7.9381294e+00 8.6229181e+00
 2.0293999e+01]",926.5130004882812,4.20766564158967
4,3.0550694465637207,80.6209716796875,0.021450281143188477,model.layers.0.mlp.gate_proj,"[1.5374738e-02 2.7310686e-02 3.1427521e-02 ... 4.5719486e+01 5.3854263e+01
 8.0620972e+01]",7873.18017578125,5.8243311222877105
5,4.071218013763428,26.38519859313965,0.03471022844314575,model.layers.0.mlp.up_proj,"[1.7630771e-02 3.1902421e-02 3.4047984e-02 ... 1.4387215e+01 1.8019781e+01
 2.6385199e+01]",6478.5283203125,5.786667931499741
6,4.152939796447754,37.82792663574219,0.03671720623970032,model.layers.0.mlp.down_proj,"[ 0.12155435  0.1544741   0.16957381 ... 16.131065   17.696573
 37.827927  ]",6451.0458984375,6.552560480749216
7,1.88084077835083,155.03082275390625,0.10150602459907532,model.layers.1.self_attn.q_proj,"[5.9238753e-14 8.9420268e-12 1.6711278e-11 ... 4.5072735e+01 5.0478645e+01
 1.5503082e+02]",5681.7587890625,4.1198275935649535
8,1.9147377014160156,80.28705596923828,0.12860459089279175,model.layers.1.self_attn.k_proj,"[3.8672888e-06 4.1192793e-06 4.2058541e-06 ... 3.5241100e+01 3.8207268e+01
 8.0287056e+01]",2900.96728515625,3.646896610147994
9,4.404290199279785,1.5670043230056763,0.10633012652397156,model.layers.1.self_attn.v_proj,[0.01181918 0.02127487 0.02442008 ... 0.8108976  0.9233283  1.5670043 ],252.51968383789062,0.8591457462006035
10,2.8151345252990723,21.057815551757812,0.07398992776870728,model.layers.1.self_attn.o_proj,"[9.0459695e-10 1.0608881e-08 1.4928618e-07 ... 4.7801676e+00 8.4534302e+00
 2.1057816e+01]",1197.012451171875,3.725586520837195
11,3.1563663482666016,45.0885124206543,0.022225141525268555,model.layers.1.mlp.gate_proj,"[2.6508421e-02 2.8655635e-02 3.0925812e-02 ... 1.9228523e+01 1.9850117e+01
 4.5088512e+01]",8065.736328125,5.220837967032819
12,4.033878326416016,10.115570068359375,0.06014898419380188,model.layers.1.mlp.up_proj,"[ 0.02787461  0.02887907  0.0311286  ...  7.0764375   7.269648
 10.11557   ]",6674.1611328125,4.054008842329167
13,5.587845325469971,21.436233520507812,0.031366825103759766,model.layers.1.mlp.down_proj,"[ 0.06081596  0.08041006  0.09243667 ... 10.14451    10.789392
 21.436234  ]",6629.1611328125,7.438251808588415
14,2.210951566696167,87.83654022216797,0.11799308657646179,model.layers.2.self_attn.q_proj,"[4.0869176e-11 1.5231860e-10 1.2893038e-09 ... 2.3580523e+01 2.7829494e+01
 8.7836540e+01]",5139.4033203125,4.297371775228382
15,4.596182823181152,47.77682876586914,0.08395445346832275,model.layers.2.self_attn.k_proj,"[7.3252481e-06 5.0051982e-05 7.7163793e-05 ... 1.6553705e+01 2.0229397e+01
 4.7776829e+01]",3026.8916015625,7.717989800944982
16,4.871221542358398,0.896913468837738,0.04583770036697388,model.layers.2.self_attn.v_proj,[0.00819802 0.00994632 0.01090572 ... 0.7572124  0.79067945 0.89691347],178.3038330078125,-0.23016255911522027
17,2.8350064754486084,16.165142059326172,0.06338426470756531,model.layers.2.self_attn.o_proj,"[5.1919713e-09 1.7627201e-08 6.9833369e-08 ... 4.8261533e+00 5.0791883e+00
 1.6165142e+01]",1013.5328369140625,3.42633078101696
18,4.396242141723633,60.70745086669922,0.04030168056488037,model.layers.2.mlp.gate_proj,"[1.7763866e-02 1.8708808e-02 1.9109357e-02 ... 1.6888323e+01 1.8746815e+01
 6.0707451e+01]",8531.087890625,7.839563616253256
19,6.745756149291992,8.932844161987305,0.08500868082046509,model.layers.2.mlp.up_proj,[0.01524371 0.01747073 0.01775943 ... 5.5705585  6.593722   8.932844  ],6610.66259765625,6.415145005018762
20,4.102663993835449,20.808631896972656,0.04602229595184326,model.layers.2.mlp.down_proj,"[ 0.08081717  0.0885876   0.11200164 ... 13.461992   14.306497
 20.808632  ]",6653.4189453125,5.408310255933264
21,2.378756523132324,100.04315185546875,0.10172593593597412,model.layers.3.self_attn.q_proj,"[8.8225125e-13 3.5413485e-09 6.9612658e-09 ... 2.8831957e+01 3.1115883e+01
 1.0004315e+02]",5185.8779296875,4.7579587436556245
22,2.3597359657287598,51.72643280029297,0.13583976030349731,model.layers.3.self_attn.k_proj,"[4.6997662e-05 7.7819772e-05 6.9600448e-04 ... 2.0636234e+01 2.3304903e+01
 5.1726433e+01]",3022.87939453125,4.0439090902565855
23,4.3430962562561035,0.8442397713661194,0.09275507926940918,model.layers.3.self_attn.v_proj,[0.02457417 0.02959628 0.03164448 ... 0.800973   0.8036589  0.8442398 ],251.483154296875,-0.3193660760775497
24,3.029696464538574,14.32558536529541,0.061817049980163574,model.layers.3.self_attn.o_proj,"[2.7925343e-11 2.7140718e-08 1.0626276e-07 ... 3.6275635e+00 4.2055416e+00
 1.4325585e+01]",1324.511474609375,3.5026695810176367
25,3.6745376586914062,84.68181610107422,0.02339431643486023,model.layers.3.mlp.gate_proj,"[1.4025390e-02 1.4930071e-02 1.5943589e-02 ... 2.4878601e+01 2.8931934e+01
 8.4681816e+01]",9614.607421875,7.083737553478625
26,6.912233829498291,7.579472541809082,0.08664679527282715,model.layers.3.mlp.up_proj,[0.014733   0.01591946 0.01642326 ... 5.787133   6.8098173  7.5794725 ],6369.6767578125,6.080270342785063
27,4.367015838623047,16.069904327392578,0.053186625242233276,model.layers.3.mlp.down_proj,"[1.2892614e-02 4.2470880e-02 5.0836772e-02 ... 1.0013938e+01 1.0331732e+01
 1.6069904e+01]",6342.09130859375,5.266679144204271
28,2.2282609939575195,102.03104400634766,0.0968000590801239,model.layers.4.self_attn.q_proj,"[4.77074380e-10 5.31258459e-09 7.95801647e-09 ... 2.85428276e+01
 3.21870346e+01 1.02031044e+02]",5054.3837890625,4.475979899313127
29,3.022134780883789,57.01963424682617,0.09858784079551697,model.layers.4.self_attn.k_proj,"[6.8846520e-04 9.8562217e-04 1.5019145e-03 ... 2.1284252e+01 2.3876646e+01
 5.7019634e+01]",2923.026611328125,5.3069424975071255
30,4.27477502822876,1.0973097085952759,0.10344082117080688,model.layers.4.self_attn.v_proj,[0.01732711 0.01967536 0.02142002 ... 0.94556075 1.0331811  1.0973097 ],292.7065734863281,0.1723983498121663
31,2.5638766288757324,10.69919204711914,0.10727676749229431,model.layers.4.self_attn.o_proj,"[1.7390192e-10 1.3687557e-08 4.3860268e-08 ... 4.2248168e+00 4.6576896e+00
 1.0699192e+01]",1385.84716796875,2.6391289283211288
32,3.5753326416015625,126.14075469970703,0.04386138916015625,model.layers.4.mlp.gate_proj,"[1.29013732e-02 1.71742477e-02 5.23477271e-02 ... 2.52505836e+01
 2.72344704e+01 1.26140755e+02]",10717.41796875,7.511256976457996
33,6.925352096557617,8.12558364868164,0.06428015232086182,model.layers.4.mlp.up_proj,[0.01249748 0.01542044 0.03867272 ... 5.781068   7.110481   8.125584  ],6047.24609375,6.301063222768714
34,4.637020587921143,18.792266845703125,0.040329158306121826,model.layers.4.mlp.down_proj,"[ 0.06114216  0.07300314  0.07808869 ...  9.742295   16.844664
 18.792267  ]",6026.8349609375,5.907467643078273
35,2.1469674110412598,89.01140594482422,0.09601876139640808,model.layers.5.self_attn.q_proj,"[2.8252112e-09 3.9356873e-08 9.6223538e-08 ... 2.5366365e+01 2.8535635e+01
 8.9011406e+01]",4996.486328125,4.185396303374593
36,3.406651735305786,58.248558044433594,0.0986914336681366,model.layers.5.self_attn.k_proj,"[1.04764840e-02 1.18181780e-02 1.28575945e-02 ... 1.77429752e+01
 2.05506916e+01 5.82485580e+01]",2948.5166015625,6.013711817593451
37,4.443526268005371,0.8288297653198242,0.10524886846542358,model.layers.5.self_attn.v_proj,[0.01130487 0.01350828 0.01384943 ... 0.7785307  0.7958175  0.82882977],200.85092163085938,-0.36230140672202743
38,2.5450947284698486,6.86618709564209,0.10378652811050415,model.layers.5.self_attn.o_proj,"[1.5075716e-09 6.7944232e-09 5.0243901e-08 ... 3.8881409e+00 4.0064597e+00
 6.8661871e+00]",1186.202880859375,2.1295205474697805
39,3.687086343765259,128.1413116455078,0.03525683283805847,model.layers.5.mlp.gate_proj,"[9.8719737e-03 4.2218409e-02 1.1645390e-01 ... 2.2593668e+01 2.3610008e+01
 1.2814131e+02]",10707.681640625,7.771231937492615
40,5.866583347320557,10.206790924072266,0.07592862844467163,model.layers.5.mlp.up_proj,"[8.8587003e-03 3.0377582e-02 7.7720173e-02 ... 6.4985681e+00 7.6357474e+00
 1.0206791e+01]",6117.978515625,5.918732690144515
41,4.1815667152404785,17.850088119506836,0.04664188623428345,model.layers.5.mlp.down_proj,"[ 0.03564487  0.038118    0.04050709 ... 10.624678   11.815966
 17.850088  ]",6080.173828125,5.233817687269066
42,2.0549142360687256,88.49393463134766,0.09769576787948608,model.layers.6.self_attn.q_proj,"[1.0955057e-08 1.8568917e-07 2.7529700e-07 ... 2.5536221e+01 2.8303919e+01
 8.8493935e+01]",5201.9150390625,4.000740278233443
43,3.749488592147827,65.82107543945312,0.04941457509994507,model.layers.6.self_attn.k_proj,"[1.5144971e-02 1.5784714e-02 2.1573344e-02 ... 2.1155687e+01 2.2530634e+01
 6.5821075e+01]",2939.75,6.8179387259266235
44,6.26413106918335,0.9778541326522827,0.023681998252868652,model.layers.6.self_attn.v_proj,[0.00827933 0.00954168 0.01025644 ... 0.8923332  0.9666758  0.97785413],238.2793731689453,-0.06092446561687608
45,2.606411933898926,7.418434143066406,0.10961917042732239,model.layers.6.self_attn.o_proj,"[1.63447256e-09 3.69503717e-08 1.14479725e-07 ... 3.97015429e+00
 4.10305309e+00 7.41843414e+00]",1292.216552734375,2.2683922231597595
46,3.649778127670288,133.59202575683594,0.04536721110343933,model.layers.6.mlp.gate_proj,"[7.6421695e-03 3.5688654e-02 4.9974877e-02 ... 2.5630114e+01 2.7637257e+01
 1.3359203e+02]",10823.3779296875,7.758627302462358
47,5.542878150939941,10.62044620513916,0.055809974670410156,model.layers.6.mlp.up_proj,"[6.6596754e-03 2.4971720e-02 4.3330081e-02 ... 7.3132048e+00 8.1601095e+00
 1.0620446e+01]",6114.9296875,5.687784303458231
48,4.146256446838379,23.72317886352539,0.03903299570083618,model.layers.6.mlp.down_proj,"[2.2005623e-02 4.2550262e-02 5.0446741e-02 ... 1.0538441e+01 1.0943453e+01
 2.3723179e+01]",6073.80078125,5.701819432796949
49,1.962390422821045,88.774658203125,0.10403028130531311,model.layers.7.self_attn.q_proj,"[2.6961027e-09 3.6256449e-08 2.5839739e-07 ... 3.0373667e+01 3.0532461e+01
 8.8774658e+01]",4777.724609375,3.8233036918988414
50,2.9107272624969482,65.99518585205078,0.06774359941482544,model.layers.7.self_attn.k_proj,"[1.7306006e-02 2.3999268e-02 2.7531851e-02 ... 2.3642235e+01 2.7457857e+01
 6.5995186e+01]",2992.19775390625,5.296103928675335
51,4.126001834869385,1.1337478160858154,0.07703143358230591,model.layers.7.self_attn.v_proj,[0.01331998 0.01378562 0.01424343 ... 1.027513   1.0723991  1.1337478 ],234.29165649414062,0.22493502841830343
52,2.289202928543091,6.291110992431641,0.11081820726394653,model.layers.7.self_attn.o_proj,"[1.5896377e-15 1.7957170e-08 8.6487240e-08 ... 4.5670209e+00 4.6459188e+00
 6.2911110e+00]",1336.381103515625,1.828448982768565
53,3.2765755653381348,125.25365447998047,0.07115420699119568,model.layers.7.mlp.gate_proj,"[8.49923864e-02 9.62760076e-02 1.31962404e-01 ... 2.76375637e+01
 3.21960716e+01 1.25253654e+02]",10427.4638671875,6.87356878541878
54,5.348367691040039,11.927153587341309,0.012982025742530823,model.layers.7.mlp.up_proj,"[ 0.10270958  0.11153541  0.12337559 ...  8.76788    10.202277
 11.927154  ]",6286.5478515625,5.757714702180441
55,3.4422285556793213,33.75450897216797,0.0529400110244751,model.layers.7.mlp.down_proj,"[1.1495437e-02 3.6672246e-02 5.5955205e-02 ... 1.4508236e+01 1.9693510e+01
 3.3754509e+01]",6250.1279296875,5.260867346187125
56,1.9167150259017944,66.64431762695312,0.10214948654174805,model.layers.8.self_attn.q_proj,"[1.9972966e-08 7.9628478e-08 1.9814993e-07 ... 2.7201733e+01 2.9802999e+01
 6.6644318e+01]",4810.63330078125,3.4956341864577327
57,2.655740261077881,57.12471389770508,0.11160671710968018,model.layers.8.self_attn.k_proj,"[2.0305082e-02 2.4421625e-02 2.6701069e-02 ... 2.1139723e+01 2.4610914e+01
 5.7124714e+01]",2944.470703125,4.665668329270067
58,2.9468302726745605,0.9996110796928406,0.0907646119594574,model.layers.8.self_attn.v_proj,[0.00491862 0.00577599 0.00629368 ... 0.9255624  0.9554772  0.9996111 ],258.6004638671875,-0.0004978339620945909
59,2.5479469299316406,9.018651008605957,0.09551882743835449,model.layers.8.self_attn.o_proj,"[2.2206995e-10 9.0438572e-09 9.4832011e-08 ... 4.6593966e+00 4.7204685e+00
 9.0186510e+00]",1388.4798583984375,2.4336500602798954
60,3.3698220252990723,126.598876953125,0.04651305079460144,model.layers.8.mlp.gate_proj,"[2.5911672e-02 4.7531821e-02 5.0762460e-02 ... 2.8655209e+01 3.1310858e+01
 1.2659888e+02]",10527.138671875,7.084814425664546
61,4.262598514556885,11.335250854492188,0.058139920234680176,model.layers.8.mlp.up_proj,"[ 0.01873778  0.1071678   0.1266231  ...  9.650581   10.034637
 11.335251  ]",6231.03125,4.494616592789831
62,3.421186923980713,31.257080078125,0.05600100755691528,model.layers.8.mlp.down_proj,"[1.2358330e-02 1.7825659e-02 2.0326436e-02 ... 1.3499087e+01 1.7960571e+01
 3.1257080e+01]",6212.798828125,5.114497936508599
63,1.8772921562194824,65.70970916748047,0.10136812925338745,model.layers.9.self_attn.q_proj,"[3.4987766e-09 5.9608553e-08 1.2301601e-07 ... 2.7220636e+01 2.9387262e+01
 6.5709709e+01]",4812.9208984375,3.4122216877384544
64,2.193913459777832,50.942874908447266,0.13996440172195435,model.layers.9.self_attn.k_proj,"[2.4194900e-02 3.9366122e-02 4.0217333e-02 ... 2.3612919e+01 2.7285727e+01
 5.0942875e+01]",2935.9521484375,3.7451933585311203
65,2.363964557647705,1.4954001903533936,0.11940044164657593,model.layers.9.self_attn.v_proj,[0.01812421 0.0204367  0.02178359 ... 1.3636988  1.4433309  1.4954002 ],349.12835693359375,0.413120374471732
66,2.289947986602783,8.813591003417969,0.09840363264083862,model.layers.9.self_attn.o_proj,"[6.3240879e-10 6.4826087e-09 7.8456843e-08 ... 4.8769159e+00 4.9392056e+00
 8.8135910e+00]",1591.437744140625,2.1643509646155934
67,3.1076533794403076,145.088623046875,0.06998372077941895,model.layers.9.mlp.gate_proj,"[2.8989039e-02 3.2695118e-02 5.0955541e-02 ... 2.7823599e+01 3.1375643e+01
 1.4508862e+02]",10791.0263671875,6.717607213467222
68,3.8628594875335693,11.486254692077637,0.07347294688224792,model.layers.9.mlp.up_proj,"[ 0.02121427  0.02391841  0.0427607  ...  8.978461   10.007836
 11.486255  ]",6343.6435546875,4.0953203529321005
69,3.632415533065796,33.49917221069336,0.04011964797973633,model.layers.9.mlp.down_proj,"[3.1008832e-02 3.4349564e-02 4.1955039e-02 ... 1.1838993e+01 1.4308546e+01
 3.3499172e+01]",6248.6796875,5.539557464053018
70,1.9238641262054443,62.28913879394531,0.10362952947616577,model.layers.10.self_attn.q_proj,"[1.1439960e-09 8.3774793e-08 1.2329974e-07 ... 2.5972294e+01 2.7588547e+01
 6.2289139e+01]",4997.7958984375,3.4522055023531326
71,3.2330894470214844,49.01955032348633,0.08866909146308899,model.layers.10.self_attn.k_proj,"[1.2676525e-02 1.3996083e-02 1.7065082e-02 ... 2.0275015e+01 2.3917233e+01
 4.9019550e+01]",2998.0244140625,5.465115219670515
72,3.102537155151367,1.2815415859222412,0.06882607936859131,model.layers.10.self_attn.v_proj,[0.00571557 0.00630937 0.00643034 ... 1.1552281  1.1826059  1.2815416 ],251.80792236328125,0.3342447156515145
73,2.2758686542510986,8.328474998474121,0.11161595582962036,model.layers.10.self_attn.o_proj,"[1.2308110e-10 2.6407026e-08 5.1343111e-08 ... 4.3170471e+00 5.4199295e+00
 8.3284750e+00]",1356.71337890625,2.095086134581218
74,2.946460247039795,136.92918395996094,0.08510616421699524,model.layers.10.mlp.gate_proj,"[3.0513085e-02 3.2920413e-02 5.1707909e-02 ... 2.6469557e+01 3.1932686e+01
 1.3692918e+02]",10272.578125,6.29510059075005
75,4.555572032928467,11.560242652893066,0.02780155837535858,model.layers.10.mlp.up_proj,"[ 0.025526    0.02808771  0.04703325 ... 10.2385235  10.6841545
 11.560243  ]",6545.5029296875,4.842422510026431
76,3.431950807571411,31.62269401550293,0.04930683970451355,model.layers.10.mlp.down_proj,"[8.4659485e-03 1.2110479e-02 1.7119445e-02 ... 1.2504057e+01 1.5408801e+01
 3.1622694e+01]",6430.2021484375,5.147922318815042
77,1.9369802474975586,65.33546447753906,0.10868477821350098,model.layers.11.self_attn.q_proj,"[5.5919425e-10 2.5748177e-08 8.7357151e-08 ... 2.4731323e+01 2.6533695e+01
 6.5335464e+01]",4485.4150390625,3.5159077261389893
78,2.4148623943328857,47.2353515625,0.12871378660202026,model.layers.11.self_attn.k_proj,"[1.6910272e-02 1.7665841e-02 2.1996962e-02 ... 2.0196682e+01 2.2899496e+01
 4.7235352e+01]",2919.66259765625,4.043124783586419
79,3.6113202571868896,1.3067760467529297,0.0913017988204956,model.layers.11.self_attn.v_proj,[0.0106669  0.01141374 0.01491578 ... 1.2176794  1.2511966  1.306776  ],246.2553253173828,0.41963962195619237
80,2.2708373069763184,7.682833194732666,0.0976141095161438,model.layers.11.self_attn.o_proj,"[7.0243769e-11 8.6112122e-09 1.7107389e-08 ... 5.5045214e+00 6.4132857e+00
 7.6828332e+00]",1416.35205078125,2.010875040642119
81,3.122889280319214,131.4431915283203,0.07265490293502808,model.layers.11.mlp.gate_proj,"[5.2054297e-02 7.4962743e-02 8.0274820e-02 ... 2.6788174e+01 3.1395582e+01
 1.3144319e+02]",10019.31640625,6.616584486286432
82,4.282410144805908,11.91282844543457,0.0534309446811676,model.layers.11.mlp.up_proj,"[ 0.05676521  0.07893619  0.08471896 ... 10.1031275  10.50611
 11.912828  ]",6633.640625,4.607937070746604
83,3.258634090423584,43.49306106567383,0.04679393768310547,model.layers.11.mlp.down_proj,"[1.8580122e-02 2.7593877e-02 3.1740174e-02 ... 1.5809895e+01 1.8423195e+01
 4.3493061e+01]",6531.2470703125,5.339011183749356
84,2.003803014755249,99.15082550048828,0.09103196859359741,model.layers.12.self_attn.q_proj,"[2.1931152e-09 1.0674019e-08 1.4633234e-07 ... 3.0730810e+01 3.1242424e+01
 9.9150826e+01]",4604.56884765625,4.000184613143352
85,2.3200061321258545,62.04250717163086,0.10508283972740173,model.layers.12.self_attn.k_proj,"[1.6700426e-02 2.9573428e-02 3.6970489e-02 ... 2.4255354e+01 2.6578777e+01
 6.2042507e+01]",2779.318359375,4.159050260807413
86,3.3913164138793945,1.3146426677703857,0.12929803133010864,model.layers.12.self_attn.v_proj,[0.0229871  0.02386009 0.02635881 ... 1.2446113  1.250004   1.3146427 ],343.71319580078125,0.40291458295356003
87,2.743668556213379,7.504469871520996,0.09827530384063721,model.layers.12.self_attn.o_proj,"[4.8390749e-09 2.2381485e-08 6.4762780e-08 ... 4.0785036e+00 4.7039237e+00
 7.5044699e+00]",1581.175537109375,2.4015880110097245
88,3.3414809703826904,145.4556427001953,0.057198941707611084,model.layers.12.mlp.gate_proj,"[1.00206457e-01 1.12667285e-01 1.17841929e-01 ... 2.81514683e+01
 3.40933495e+01 1.45455643e+02]",9787.599609375,7.22672305579433
89,3.968379497528076,14.703474998474121,0.05980268120765686,model.layers.12.mlp.up_proj,"[ 0.13182116  0.17388669  0.17809919 ... 11.760578   14.028377
 14.703475  ]",6896.6953125,4.632765543091246
90,3.8160009384155273,36.99921417236328,0.03443285822868347,model.layers.12.mlp.down_proj,"[ 0.04973334  0.05321835  0.06901208 ... 12.946255   16.331182
 36.999214  ]",6731.5244140625,5.984224052260607
91,1.90047287940979,71.82474517822266,0.09757503867149353,model.layers.13.self_attn.q_proj,"[1.5154379e-09 9.5023767e-09 5.5598864e-08 ... 2.9775219e+01 3.2478283e+01
 7.1824745e+01]",4707.8310546875,3.5277985721413896
92,2.3095154762268066,55.81499481201172,0.10363635420799255,model.layers.13.self_attn.k_proj,"[3.3456318e-02 3.5442434e-02 3.7204720e-02 ... 2.4878792e+01 3.0232903e+01
 5.5814995e+01]",2990.70751953125,4.034148210587901
93,4.600386619567871,1.0531717538833618,0.09964635968208313,model.layers.13.self_attn.v_proj,[0.00706885 0.00767853 0.00784876 ... 0.9397912  1.0072147  1.0531718 ],293.4573974609375,0.10350503147305218
94,2.5488343238830566,8.289610862731934,0.09742772579193115,model.layers.13.self_attn.o_proj,"[7.9984880e-10 3.1925058e-08 6.3135161e-08 ... 5.5855165e+00 5.6798248e+00
 8.2896109e+00]",1507.797119140625,2.3411913539985605
95,3.1853158473968506,152.9680633544922,0.06716009974479675,model.layers.13.mlp.gate_proj,"[2.8859863e-02 3.6350083e-02 5.8298215e-02 ... 2.5629124e+01 3.4935257e+01
 1.5296806e+02]",9831.0283203125,6.958643447678292
96,4.269134521484375,13.060309410095215,0.045331597328186035,model.layers.13.mlp.up_proj,"[ 0.02928876  0.04291851  0.05136347 ... 11.211217   12.083417
 13.060309  ]",6936.33349609375,4.764155465537691
97,3.996100664138794,24.357797622680664,0.024313896894454956,model.layers.13.mlp.down_proj,"[2.2448828e-02 4.9484123e-02 6.7059733e-02 ... 1.3467599e+01 1.6219652e+01
 2.4357798e+01]",6726.94921875,5.541145103870539
98,1.8398699760437012,70.9569091796875,0.10446614027023315,model.layers.14.self_attn.q_proj,"[4.1809507e-09 4.0455838e-08 7.5547831e-08 ... 2.5907669e+01 2.9406710e+01
 7.0956909e+01]",4508.369140625,3.405589555490112
99,1.9308760166168213,56.15921401977539,0.10923027992248535,model.layers.14.self_attn.k_proj,"[9.2591206e-03 3.2002605e-02 3.8584575e-02 ... 2.3451664e+01 2.7822523e+01
 5.6159214e+01]",2933.82275390625,3.3779150923473167
100,3.534015655517578,0.9767076969146729,0.10899361968040466,model.layers.14.self_attn.v_proj,[0.01957459 0.02035377 0.0206371  ... 0.9041444  0.9277363  0.9767077 ],287.60150146484375,-0.036172027876784016
101,2.794740676879883,5.5443196296691895,0.07275846600532532,model.layers.14.self_attn.o_proj,"[1.8116728e-10 5.8261204e-08 7.4908293e-08 ... 5.0013609e+00 5.0480180e+00
 5.5443196e+00]",1493.9083251953125,2.078862987899798
102,3.515388011932373,155.19898986816406,0.04909375309944153,model.layers.14.mlp.gate_proj,"[2.7316725e-02 3.2879725e-02 5.0218243e-02 ... 2.8452188e+01 3.1485201e+01
 1.5519899e+02]",10327.708984375,7.701824540337926
103,4.695160865783691,12.731432914733887,0.051713764667510986,model.layers.14.mlp.up_proj,"[ 0.05385434  0.05634363  0.06655189 ...  9.727507   10.536186
 12.731433  ]",6883.2216796875,5.187576594599357
104,4.21518611907959,22.287473678588867,0.020676016807556152,model.layers.14.mlp.down_proj,"[ 0.02262101  0.0238058   0.02703737 ... 15.0851345  17.186722
 22.287474  ]",6697.23583984375,5.682327354284547
105,1.8815515041351318,101.02924346923828,0.09491419792175293,model.layers.15.self_attn.q_proj,"[1.4506870e-08 3.6079264e-08 9.6570126e-08 ... 2.7182940e+01 2.7336304e+01
 1.0102924e+02]",5512.58740234375,3.771470457661591
106,2.021528482437134,63.13691711425781,0.12899938225746155,model.layers.15.self_attn.k_proj,"[3.4427654e-02 3.7456989e-02 4.2920943e-02 ... 1.9392292e+01 2.2341259e+01
 6.3136917e+01]",2850.57666015625,3.6393241131437413
107,5.471210479736328,1.2915878295898438,0.04718014597892761,model.layers.15.self_attn.v_proj,[0.01846978 0.02916585 0.03011379 ... 1.0894848  1.1653302  1.2915878 ],341.1656494140625,0.6079824874118149
108,2.612795829772949,9.500627517700195,0.09293687343597412,model.layers.15.self_attn.o_proj,"[5.1920595e-12 2.4846381e-08 8.0007531e-08 ... 3.8288698e+00 3.9030623e+00
 9.5006275e+00]",1604.96435546875,2.5546671096358584
109,3.4212565422058105,181.43405151367188,0.056049644947052,model.layers.15.mlp.gate_proj,"[3.7493747e-02 4.2771589e-02 5.1383991e-02 ... 2.8957024e+01 3.2173828e+01
 1.8143405e+02]",10856.482421875,7.727656467029748
110,4.862111568450928,12.594904899597168,0.0566943883895874,model.layers.15.mlp.up_proj,"[ 0.03902375  0.04124759  0.05830874 ...  8.879979    9.471586
 12.594905  ]",6772.841796875,5.3492703149451595
111,5.1232123374938965,21.28618812561035,0.03523719310760498,model.layers.15.mlp.down_proj,"[ 0.04013674  0.04152666  0.04730104 ... 12.697287   13.475397
 21.286188  ]",6627.9345703125,6.804127526655763
112,2.0319719314575195,97.09814453125,0.09242138266563416,model.layers.16.self_attn.q_proj,"[2.7484509e-11 4.8603410e-09 7.1956407e-08 ... 2.2568703e+01 2.3103176e+01
 9.7098145e+01]",5133.6728515625,4.037956833602827
113,2.508584976196289,69.34523010253906,0.1086660623550415,model.layers.16.self_attn.k_proj,"[2.1519113e-02 4.3765262e-02 4.8552357e-02 ... 1.9544334e+01 2.4656013e+01
 6.9345230e+01]",2892.41748046875,4.618346567581848
114,6.927308559417725,1.044140338897705,0.09015423059463501,model.layers.16.self_attn.v_proj,[0.01029941 0.01089927 0.01157747 ... 0.87608707 0.90381235 1.0441403 ],299.6304626464844,0.12994851150618775
115,2.6780972480773926,9.370882034301758,0.09386631846427917,model.layers.16.self_attn.o_proj,"[3.9301652e-11 2.0675875e-08 8.6001755e-08 ... 3.9583519e+00 3.9881041e+00
 9.3708820e+00]",1529.974365234375,2.6025226045345677
116,3.3835911750793457,179.03482055664062,0.07624936103820801,model.layers.16.mlp.gate_proj,"[3.5611518e-02 4.2524021e-02 5.7696711e-02 ... 2.3888409e+01 2.7674911e+01
 1.7903482e+02]",11369.986328125,7.623019460969221
117,5.196329593658447,13.955733299255371,0.06562063097953796,model.layers.16.mlp.up_proj,"[ 0.02655229  0.03535975  0.04885034 ...  8.40125     8.702199
 13.955733  ]",6587.46923828125,5.94851213122806
118,5.259220600128174,16.79866600036621,0.052390217781066895,model.layers.16.mlp.down_proj,"[ 0.04902694  0.06991143  0.09697411 ...  9.022794   10.825347
 16.798666  ]",6452.9990234375,6.443990444344724
119,2.0649423599243164,108.91988372802734,0.08872878551483154,model.layers.17.self_attn.q_proj,"[1.5631919e-08 6.2308231e-08 3.1206915e-07 ... 2.4706572e+01 2.6818094e+01
 1.0891988e+02]",5230.46875,4.206508885095079
120,2.0500919818878174,58.89718246459961,0.11616399884223938,model.layers.17.self_attn.k_proj,"[3.4190953e-02 3.5426766e-02 4.4469256e-02 ... 2.1004507e+01 2.3585987e+01
 5.8897182e+01]",2925.461181640625,3.6288565814387646
121,4.336213111877441,1.2968658208847046,0.0923125147819519,model.layers.17.self_attn.v_proj,[0.04020226 0.04082943 0.0500787  ... 1.1370131  1.1628556  1.2968658 ],362.42041015625,0.4895369722292287
122,2.7287378311157227,11.94957447052002,0.10233616828918457,model.layers.17.self_attn.o_proj,"[3.0624052e-11 1.1351438e-08 8.0291549e-08 ... 3.8094325e+00 3.8349235e+00
 1.1949574e+01]",1642.822265625,2.9398123608724767
123,4.040980815887451,171.42498779296875,0.042194753885269165,model.layers.17.mlp.gate_proj,"[3.2295063e-02 3.5584588e-02 5.4826360e-02 ... 2.3816719e+01 2.6347855e+01
 1.7142499e+02]",11602.6142578125,9.027850689332833
124,5.831052303314209,13.7573823928833,0.044395267963409424,model.layers.17.mlp.up_proj,"[ 0.02351093  0.02909377  0.04460674 ...  8.1770525   8.753151
 13.757382  ]",6534.15478515625,6.638861850689946
125,6.407745361328125,17.75203514099121,0.03175908327102661,model.layers.17.mlp.down_proj,"[ 0.06736439  0.07410672  0.0802329  ...  8.077265   10.403857
 17.752035  ]",6432.0859375,8.004864031461787
126,2.3248238563537598,97.66753387451172,0.0797533392906189,model.layers.18.self_attn.q_proj,"[9.6098551e-10 1.5836035e-08 2.0940180e-07 ... 2.0245554e+01 2.0801462e+01
 9.7667534e+01]",5054.3369140625,4.625818783898998
127,2.124455451965332,62.165340423583984,0.12773990631103516,model.layers.18.self_attn.k_proj,"[2.9390903e-02 4.0130146e-02 4.8899353e-02 ... 1.9065739e+01 2.1969097e+01
 6.2165340e+01]",3073.3115234375,3.810313498781327
128,4.691836833953857,1.1026356220245361,0.054874956607818604,model.layers.18.self_attn.v_proj,[0.01045798 0.01055419 0.01126027 ... 1.042266   1.0578408  1.1026356 ],294.4172058105469,0.19908410873064647
129,2.881028413772583,11.198019981384277,0.08303782343864441,model.layers.18.self_attn.o_proj,"[8.9157531e-10 3.1663504e-08 5.0708209e-08 ... 4.9396753e+00 5.0278654e+00
 1.1198020e+01]",1557.029296875,3.022605717028571
130,4.433849334716797,157.90850830078125,0.03879964351654053,model.layers.18.mlp.gate_proj,"[2.3674972e-02 3.3728242e-02 4.1529007e-02 ... 2.1634880e+01 2.2755033e+01
 1.5790851e+02]",11653.15234375,9.747398900835726
131,5.628478050231934,13.114773750305176,0.07410827279090881,model.layers.18.mlp.up_proj,"[ 0.0169482   0.02297064  0.02570633 ...  6.968567    7.513077
 13.114774  ]",6464.65771484375,6.291292143710135
132,5.792596340179443,17.93688201904297,0.05435630679130554,model.layers.18.mlp.down_proj,"[ 0.05390619  0.0642785   0.08355463 ...  9.251355    9.893593
 17.936882  ]",6390.1044921875,7.262450003061068
133,2.3958044052124023,98.06328582763672,0.08542504906654358,model.layers.19.self_attn.q_proj,"[1.41709595e-08 3.82734981e-08 4.89496941e-08 ... 1.96424942e+01
 2.12325058e+01 9.80632858e+01]",5072.71533203125,4.771259904722504
134,3.80226993560791,54.78059768676758,0.050296276807785034,model.layers.19.self_attn.k_proj,"[3.4736022e-02 4.3829683e-02 5.5732839e-02 ... 1.7715494e+01 1.8775730e+01
 5.4780598e+01]",2837.73486328125,6.610728282890056
135,3.82092022895813,1.3078980445861816,0.11067765951156616,model.layers.19.self_attn.v_proj,[0.01603673 0.0161449  0.01655317 ... 1.0989782  1.160293   1.307898  ],330.3428955078125,0.44541953627233055
136,3.126655101776123,11.302258491516113,0.09042122960090637,model.layers.19.self_attn.o_proj,"[6.89852786e-10 1.72128996e-08 1.77464585e-07 ... 3.96482992e+00
 5.74714231e+00 1.13022585e+01]",1596.50390625,3.292884457311226
137,4.231180191040039,137.6718292236328,0.06375136971473694,model.layers.19.mlp.gate_proj,"[2.7268052e-02 3.6429454e-02 4.3731052e-02 ... 1.8351990e+01 2.1995403e+01
 1.3767183e+02]",11795.73046875,9.049838946275903
138,5.94807243347168,11.970502853393555,0.0755910873413086,model.layers.19.mlp.up_proj,"[ 0.01845207  0.02436429  0.02894839 ...  6.663298    6.9308567
 11.970503  ]",6413.296875,6.412690613942759
139,5.935368537902832,13.544676780700684,0.04473218321800232,model.layers.19.mlp.down_proj,"[ 0.04120459  0.04887456  0.06899511 ...  8.772888    9.796665
 13.544677  ]",6365.45947265625,6.7174640126904155
140,2.456902027130127,89.42919921875,0.08228379487991333,model.layers.20.self_attn.q_proj,"[1.0241262e-08 2.8725262e-08 1.6035439e-07 ... 1.7611242e+01 1.8193266e+01
 8.9429199e+01]",4957.56982421875,4.794593551116278
141,2.895277261734009,56.94850540161133,0.10052183270454407,model.layers.20.self_attn.k_proj,"[3.5603926e-02 4.6750594e-02 5.7800129e-02 ... 1.9759655e+01 2.1945654e+01
 5.6948505e+01]",2760.25244140625,5.082608075224057
142,3.6548147201538086,1.3355798721313477,0.11001044511795044,model.layers.20.self_attn.v_proj,[0.02704613 0.02798519 0.03040207 ... 1.128854   1.1970055  1.3355799 ],363.9144287109375,0.45930007391698024
143,3.391543388366699,14.060280799865723,0.09736928343772888,model.layers.20.self_attn.o_proj,"[6.3489143e-09 1.2248338e-08 4.6366583e-08 ... 3.4134138e+00 4.9595971e+00
 1.4060281e+01]",1563.322021484375,3.8934714406668625
144,4.525869369506836,134.75791931152344,0.05744597315788269,model.layers.20.mlp.gate_proj,"[3.1829711e-02 3.7398741e-02 4.5665402e-02 ... 1.9200277e+01 2.3071777e+01
 1.3475792e+02]",11792.7265625,9.638084562451226
145,6.0924882888793945,12.597163200378418,0.08305233716964722,model.layers.20.mlp.up_proj,"[ 0.02102806  0.0258254   0.0293471  ...  6.677743    7.2546434
 12.597163  ]",6456.54638671875,6.7033988794150385
146,5.3510613441467285,13.239575386047363,0.07165974378585815,model.layers.20.mlp.down_proj,"[ 0.03880442  0.04695038  0.0545505  ...  9.897817   11.315292
 13.239575  ]",6408.4736328125,6.003216898459578
147,2.391274929046631,98.87931060791016,0.08181872963905334,model.layers.21.self_attn.q_proj,"[3.0129080e-08 5.1463218e-08 5.7048749e-07 ... 1.9331097e+01 1.9906353e+01
 9.8879311e+01]",4841.27685546875,4.770845595156927
148,2.644737720489502,54.989662170410156,0.09473749995231628,model.layers.21.self_attn.k_proj,"[2.2637308e-02 3.8560845e-02 4.5368433e-02 ... 2.3118479e+01 3.1417656e+01
 5.4989662e+01]",2797.820556640625,4.60258694141221
149,3.7834391593933105,1.3377765417099,0.11371725797653198,model.layers.21.self_attn.v_proj,[0.04279708 0.04641499 0.04677128 ... 1.2181114  1.2523023  1.3377765 ],388.10302734375,0.47816457132492496
150,3.2471256256103516,8.0377197265625,0.10754194855690002,model.layers.21.self_attn.o_proj,"[1.4698089e-10 3.0159939e-08 3.9379418e-07 ... 3.5456007e+00 3.6118379e+00
 8.0377197e+00]",1640.53076171875,2.9390800989996544
151,4.420256614685059,125.34964752197266,0.06552323698997498,model.layers.21.mlp.gate_proj,"[3.2752827e-02 4.4033345e-02 5.3473867e-02 ... 1.8194921e+01 2.5790632e+01
 1.2534965e+02]",11989.171875,9.274242586686874
152,6.007822036743164,13.338923454284668,0.08882865309715271,model.layers.21.mlp.up_proj,"[ 0.02178545  0.02771836  0.03074934 ...  6.907172    7.7551856
 13.338923  ]",6495.0048828125,6.759525418186775
153,6.106459617614746,12.554482460021973,0.07643276453018188,model.layers.21.mlp.down_proj,"[ 0.05051911  0.05115774  0.05731658 ...  8.973515    9.298547
 12.554482  ]",6445.4267578125,6.709770587222843
154,2.521589756011963,82.81155395507812,0.08573156595230103,model.layers.22.self_attn.q_proj,"[9.0610648e-08 2.1353151e-07 3.3491784e-07 ... 1.5524044e+01 1.7398045e+01
 8.2811554e+01]",4592.4677734375,4.836638450866474
155,4.232682704925537,49.13801574707031,0.034199684858322144,model.layers.22.self_attn.k_proj,"[3.9273813e-02 4.5945015e-02 5.2192505e-02 ... 1.9905630e+01 2.7061291e+01
 4.9138016e+01]",2684.06103515625,7.159234086485493
156,4.096749305725098,1.429388165473938,0.07927286624908447,model.layers.22.self_attn.v_proj,[0.03766249 0.04603459 0.04843073 ... 1.3513576  1.3967383  1.4293882 ],430.1907653808594,0.6356114006669409
157,3.275639057159424,10.866654396057129,0.12092897295951843,model.layers.22.self_attn.o_proj,"[1.3275451e-11 3.4872897e-08 8.9010065e-08 ... 3.0594716e+00 3.4172511e+00
 1.0866654e+01]",1699.260986328125,3.393876049415185
158,4.654459476470947,123.66608428955078,0.06266751885414124,model.layers.22.mlp.gate_proj,"[3.08087524e-02 3.80990580e-02 5.18183485e-02 ... 1.88568192e+01
 2.29371834e+01 1.23666084e+02]",11985.107421875,9.738295677422572
159,6.582613945007324,12.538230895996094,0.08887293934822083,model.layers.22.mlp.up_proj,"[ 0.02074956  0.02477293  0.03300159 ...  6.223028    7.717314
 12.538231  ]",6536.048828125,7.229265341477232
160,6.611401081085205,9.813828468322754,0.07736119627952576,model.layers.22.mlp.down_proj,[0.03526119 0.04094522 0.0432447  ... 7.4599533  8.188704   9.813828  ],6488.97412109375,6.557441885648879
161,2.8753252029418945,89.91677856445312,0.0709942877292633,model.layers.23.self_attn.q_proj,"[8.2718624e-11 4.3620865e-08 2.0263195e-07 ... 1.6245026e+01 1.6793550e+01
 8.9916779e+01]",4632.7099609375,5.617927519661667
162,3.8819761276245117,50.00687789916992,0.0431230366230011,model.layers.23.self_attn.k_proj,"[3.3693753e-02 3.9256595e-02 4.6694480e-02 ... 1.6693724e+01 3.0238157e+01
 5.0006878e+01]",2665.256591796875,6.595592894300282
163,4.097620010375977,2.092902421951294,0.08913499116897583,model.layers.23.self_attn.v_proj,[0.05373186 0.05656854 0.05837509 ... 1.507014   1.5455093  2.0929024 ],477.4254150390625,1.31430744105976
164,4.062923431396484,8.74246883392334,0.1075950562953949,model.layers.23.self_attn.o_proj,"[2.6300881e-08 4.1442505e-08 9.5324602e-08 ... 3.0110226e+00 3.6633337e+00
 8.7424688e+00]",1764.74951171875,3.825787219297436
165,4.677610397338867,112.83735656738281,0.07795879244804382,model.layers.23.mlp.gate_proj,"[3.2608133e-02 4.0863071e-02 5.1036511e-02 ... 1.5901817e+01 2.2467743e+01
 1.1283736e+02]",12023.845703125,9.600575041071634
166,6.129110336303711,11.237286567687988,0.10159340500831604,model.layers.23.mlp.up_proj,"[ 0.02355378  0.0282607   0.03375956 ...  6.4411855   7.6225715
 11.237287  ]",6588.048828125,6.439619990947925
167,5.721019268035889,10.346036911010742,0.06636106967926025,model.layers.23.mlp.down_proj,"[ 0.03456432  0.03954964  0.04226537 ...  7.417433    7.64872
 10.346037  ]",6543.53662109375,5.80554174106209
168,2.7127790451049805,78.22821044921875,0.06975111365318298,model.layers.24.self_attn.q_proj,"[8.1848313e-08 1.4014640e-07 2.4224843e-07 ... 1.6405245e+01 1.8634018e+01
 7.8228210e+01]",4480.86767578125,5.136276543882261
169,3.770289897918701,45.89228439331055,0.06356224417686462,model.layers.24.self_attn.k_proj,"[2.8788142e-02 3.0993218e-02 4.0203612e-02 ... 1.5269455e+01 3.5609264e+01
 4.5892284e+01]",2413.076171875,6.265240314271348
170,4.261235237121582,1.8712153434753418,0.10493111610412598,model.layers.24.self_attn.v_proj,[0.03402678 0.03586583 0.03736538 ... 1.7951807  1.8139459  1.8712153 ],574.71484375,1.1595833972270373
171,3.9127275943756104,6.62543249130249,0.08973759412765503,model.layers.24.self_attn.o_proj,"[1.5560580e-08 4.2887940e-08 3.1864619e-07 ... 3.9602776e+00 4.4282379e+00
 6.6254325e+00]",1931.27880859375,3.213187591011105
172,5.07700252532959,96.3216552734375,0.0772351324558258,model.layers.24.mlp.gate_proj,"[3.8890913e-02 5.0864831e-02 5.7761114e-02 ... 1.6469080e+01 2.2836979e+01
 9.6321655e+01]",12124.1923828125,10.071371439048555
173,6.305501937866211,9.558544158935547,0.10436186194419861,model.layers.24.mlp.up_proj,[0.02552817 0.03318502 0.03996727 ... 7.0911417  8.4038105  9.558544  ],6649.171875,6.181862084948877
174,4.938089370727539,14.280335426330566,0.042345792055130005,model.layers.24.mlp.down_proj,"[ 0.03380306  0.04239692  0.04479029 ...  8.710316   10.53543
 14.280335  ]",6607.447265625,5.702201461316317
175,2.6569528579711914,85.756103515625,0.07175055146217346,model.layers.25.self_attn.q_proj,"[2.7917350e-08 7.7795875e-08 1.8370001e-07 ... 1.6592791e+01 1.8695770e+01
 8.5756104e+01]",4339.5087890625,5.136594072813683
176,3.75169038772583,44.51873779296875,0.08346918225288391,model.layers.25.self_attn.k_proj,"[1.2424152e-02 1.5310456e-02 2.0433662e-02 ... 1.4230902e+01 3.3457474e+01
 4.4518738e+01]",2387.16796875,6.184822336356065
177,3.7038075923919678,2.28853178024292,0.06645044684410095,model.layers.25.self_attn.v_proj,[0.03216504 0.04191202 0.04344448 ... 1.9364942  1.9537472  2.2885318 ],582.2841796875,1.3317297529337242
178,4.208665370941162,7.43480110168457,0.06262964010238647,model.layers.25.self_attn.o_proj,"[1.8326630e-09 2.9325863e-08 4.0679919e-07 ... 5.4941287e+00 5.5851545e+00
 7.4348011e+00]",1950.2655029296875,3.6668811615531753
179,4.544764518737793,90.1573257446289,0.0946873128414154,model.layers.25.mlp.gate_proj,"[4.7666010e-02 5.7507310e-02 6.8155572e-02 ... 1.7707680e+01 2.5538033e+01
 9.0157326e+01]",12297.3984375,8.885019274990995
180,5.604172706604004,10.294872283935547,0.11271131038665771,model.layers.25.mlp.up_proj,"[ 0.03150129  0.03777226  0.04479553 ...  5.9770722   7.78184
 10.294872  ]",6761.1865234375,5.674902764210377
181,3.9453117847442627,17.293603897094727,0.0597703754901886,model.layers.25.mlp.down_proj,"[ 0.04021868  0.04192123  0.04556563 ... 12.075432   15.253463
 17.293604  ]",6721.2705078125,4.883844280574508
182,2.437058210372925,80.47590637207031,0.08371418714523315,model.layers.26.self_attn.q_proj,"[4.6995181e-09 1.4261790e-08 1.2014341e-07 ... 1.7759642e+01 1.9074430e+01
 8.0475906e+01]",4402.1982421875,4.644218671020976
183,3.048109292984009,51.97137451171875,0.09443613886833191,model.layers.26.self_attn.k_proj,"[2.4955457e-02 2.8040480e-02 2.9424328e-02 ... 2.1604269e+01 3.4309113e+01
 5.1971375e+01]",2548.8388671875,5.22983681163594
184,5.331605434417725,2.175909996032715,0.10137629508972168,model.layers.26.self_attn.v_proj,[0.06735689 0.0780032  0.0817852  ... 1.9672992  2.0455368  2.17591   ],643.0040893554688,1.8001682029561996
185,4.216735363006592,10.720991134643555,0.10255074501037598,model.layers.26.self_attn.o_proj,"[1.0328517e-09 9.5238249e-08 3.6126073e-07 ... 4.0192499e+00 4.2328191e+00
 1.0720991e+01]",2030.38671875,4.344228090578154
186,4.816922187805176,107.23790740966797,0.0887313187122345,model.layers.26.mlp.gate_proj,"[5.2801281e-02 6.7329794e-02 7.5536110e-02 ... 2.2815956e+01 2.9049488e+01
 1.0723791e+02]",12469.556640625,9.780029923479827
187,5.371584892272949,13.57509708404541,0.11527219414710999,model.layers.26.mlp.up_proj,"[ 0.03359869  0.0441873   0.04950013 ...  6.038003    7.1444135
 13.575097  ]",6872.296875,6.0846248858107765
188,3.773663282394409,13.728531837463379,0.06736770272254944,model.layers.26.mlp.down_proj,"[ 0.028956    0.03348937  0.03547971 ... 12.15252    13.107185
 13.728532  ]",6838.86767578125,4.293010277273872
189,2.70346736907959,95.50725555419922,0.07640287280082703,model.layers.27.self_attn.q_proj,"[4.3365209e-10 1.6734987e-08 2.0083952e-07 ... 1.5754310e+01 1.7757002e+01
 9.5507256e+01]",4258.6279296875,5.352963703959583
190,4.3334269523620605,53.61781692504883,0.06185178458690643,model.layers.27.self_attn.k_proj,"[2.2836724e-02 2.6328813e-02 2.7921751e-02 ... 1.5847338e+01 2.7881639e+01
 5.3617817e+01]",2490.91943359375,7.493834782074941
191,3.19289231300354,2.9311113357543945,0.06384623050689697,model.layers.27.self_attn.v_proj,[0.07018979 0.0726297  0.07367417 ... 2.7393296  2.7497194  2.9311113 ],742.7225341796875,1.4911838886658577
192,3.379952907562256,18.34626579284668,0.10427796840667725,model.layers.27.self_attn.o_proj,"[1.7638353e-09 2.1109079e-08 7.7043062e-08 ... 5.4303851e+00 7.1296349e+00
 1.8346266e+01]",2140.339599609375,4.270731658542789
193,5.319361209869385,143.73902893066406,0.07132625579833984,model.layers.27.mlp.gate_proj,"[6.5977499e-02 7.4588634e-02 8.7187342e-02 ... 2.9276623e+01 3.6590012e+01
 1.4373903e+02]",12675.685546875,11.476919201323907
194,7.357863903045654,18.705495834350586,0.09773889183998108,model.layers.27.mlp.up_proj,"[ 0.04037806  0.04796422  0.05670088 ...  7.3475485   7.572628
 18.705496  ]",7049.49609375,9.358976444286721
195,3.7457797527313232,13.366005897521973,0.046888142824172974,model.layers.27.mlp.down_proj,"[ 0.04108743  0.05057554  0.05414135 ... 11.689332   12.063636
 13.366006  ]",6989.009765625,4.217754176166552
196,2.650785446166992,109.20790100097656,0.09225597977638245,model.layers.28.self_attn.q_proj,"[1.3788067e-10 1.0066067e-07 2.0788472e-07 ... 1.5852211e+01 1.9751337e+01
 1.0920790e+02]",4261.22021484375,5.402974197714016
197,3.169198751449585,56.93001174926758,0.06447508931159973,model.layers.28.self_attn.k_proj,"[1.54296085e-02 2.00050808e-02 2.52481569e-02 ... 1.62309380e+01
 1.72382755e+01 5.69300117e+01]",2259.015869140625,5.563025372159191
198,9.774762153625488,3.0230765342712402,0.044076502323150635,model.layers.28.self_attn.v_proj,[0.09991837 0.10712532 0.1106732  ... 1.9727559  2.3135386  3.0230765 ],800.3683471679688,4.696276092044077
199,5.257844924926758,22.02227020263672,0.07066163420677185,model.layers.28.self_attn.o_proj,"[6.4179031e-09 2.6603897e-07 5.4289012e-07 ... 5.5192437e+00 8.6454477e+00
 2.2022270e+01]",2255.92626953125,7.0605606085788875
200,5.043394088745117,148.08775329589844,0.05230113863945007,model.layers.28.mlp.gate_proj,"[6.1223011e-02 7.7898607e-02 8.8319600e-02 ... 3.2709099e+01 4.5450912e+01
 1.4808775e+02]",12527.5078125,10.946783421878553
201,7.200160026550293,26.8105525970459,0.07434511184692383,model.layers.28.mlp.up_proj,"[ 0.04182891  0.05451414  0.06072252 ...  9.050602    9.605306
 26.810553  ]",7347.27734375,10.284030077692575
202,4.153107643127441,13.095130920410156,0.04189491271972656,model.layers.28.mlp.down_proj,"[ 0.03861573  0.04656489  0.04955554 ... 12.831056   13.012053
 13.095131  ]",7231.1630859375,4.639477434249025
203,3.1462225914001465,79.83397674560547,0.04435229301452637,model.layers.29.self_attn.q_proj,"[1.9769770e-08 3.9198373e-08 8.8187505e-08 ... 1.8677120e+01 2.0651773e+01
 7.9833977e+01]",4212.337890625,5.984706113629616
204,3.052299737930298,57.56884765625,0.10452437400817871,model.layers.29.self_attn.k_proj,"[2.2631738e-02 3.0586094e-02 3.4126300e-02 ... 1.7356815e+01 1.9451353e+01
 5.7568848e+01]",2477.57421875,5.372619955936955
205,6.124634265899658,3.4559268951416016,0.11793088912963867,model.layers.29.self_attn.v_proj,[0.03808417 0.06557357 0.12186371 ... 2.5074604  2.958388   3.455927  ],870.9859008789062,3.298510879366234
206,3.156648874282837,15.580573081970215,0.09064632654190063,model.layers.29.self_attn.o_proj,"[3.0305244e-10 9.2791037e-09 2.3554674e-07 ... 6.3662772e+00 1.0612554e+01
 1.5580573e+01]",2412.798828125,3.7645671347761276
207,4.017943859100342,164.50669860839844,0.07804986834526062,model.layers.29.mlp.gate_proj,"[7.6915041e-02 1.0371380e-01 1.1078470e-01 ... 3.5459705e+01 5.9929550e+01
 1.6450670e+02]",12459.3466796875,8.904501233390054
208,5.129757404327393,40.0713996887207,0.08929863572120667,model.layers.29.mlp.up_proj,"[ 0.06112086  0.07812116  0.08171478 ... 10.902628   13.969061
 40.0714    ]",7760.82421875,8.222152208648323
209,5.383089065551758,8.482030868530273,0.09390339255332947,model.layers.29.mlp.down_proj,[0.0426802  0.04869545 0.05250424 ... 6.5804434  7.43929    8.482031  ],7496.61376953125,4.998197382624004
210,2.13240385055542,116.50289154052734,0.06668120622634888,model.layers.30.self_attn.q_proj,"[1.2545203e-08 6.2887963e-08 7.4631252e-08 ... 2.4747450e+01 2.7102856e+01
 1.1650289e+02]",3828.0361328125,4.406264345127154
211,1.976633071899414,53.816322326660156,0.1100662350654602,model.layers.30.self_attn.k_proj,"[1.6159942e-02 2.1187404e-02 2.2073342e-02 ... 1.7863157e+01 2.0373173e+01
 5.3816322e+01]",1904.708251953125,3.4213818883221503
212,3.3634817600250244,5.493842601776123,0.042331039905548096,model.layers.30.self_attn.v_proj,[0.0783172  0.07982173 0.08080241 ... 5.1038375  5.186173   5.4938426 ],1253.921142578125,2.4885601462773557
213,2.7266478538513184,18.301233291625977,0.122203528881073,model.layers.30.self_attn.o_proj,"[4.6784564e-08 1.1401498e-07 2.4534722e-07 ... 7.7072563e+00 8.2715693e+00
 1.8301233e+01]",2762.4580078125,3.442339356340897
214,4.229274272918701,211.3121337890625,0.030593693256378174,model.layers.30.mlp.gate_proj,"[1.04382515e-01 1.35651067e-01 1.52297318e-01 ... 4.80438004e+01
 8.80044250e+01 2.11312134e+02]",13357.40625,9.832743101386885
215,4.2708539962768555,93.14879608154297,0.07874417304992676,model.layers.30.mlp.up_proj,"[9.1779783e-02 1.0541995e-01 1.1820086e-01 ... 1.8780941e+01 2.9644636e+01
 9.3148796e+01]",8158.94873046875,8.410068511101365
216,6.0565266609191895,10.400330543518066,0.09106755256652832,model.layers.30.mlp.down_proj,"[ 0.16934155  0.1832188   0.19316508 ...  8.402327    9.107859
 10.400331  ]",7604.73583984375,6.159773132595557
217,2.3217616081237793,150.69081115722656,0.06811085343360901,model.layers.31.self_attn.q_proj,"[1.0774216e-08 6.7638418e-08 1.8914656e-07 ... 3.1717861e+01 3.8024189e+01
 1.5069081e+02]",4619.4990234375,5.0569982432802645
218,2.4933996200561523,70.02545166015625,0.08508920669555664,model.layers.31.self_attn.k_proj,"[1.6139532e-02 2.0209622e-02 2.3884851e-02 ... 2.1457098e+01 2.2347200e+01
 7.0025452e+01]",2258.590576171875,4.600960406541076
219,5.910916805267334,5.533657073974609,0.0826009213924408,model.layers.31.self_attn.v_proj,[0.04878981 0.05537767 0.06335275 ... 3.2460399  3.889044   5.533657  ],993.8203735351562,4.391883547722309
220,2.525031328201294,10.653141975402832,0.1310116946697235,model.layers.31.self_attn.o_proj,"[3.2952678e-09 1.2077831e-08 1.6916275e-07 ... 7.6143551e+00 8.3815145e+00
 1.0653142e+01]",2692.364990234375,2.594413419258104
221,3.6015195846557617,512.2692260742188,0.03703629970550537,model.layers.31.mlp.gate_proj,"[3.2801202e-01 4.5699945e-01 4.6727067e-01 ... 1.0453318e+02 2.0988733e+02
 5.1226923e+02]",17353.1171875,9.7583110730772
222,3.1225063800811768,303.8606872558594,0.07433614134788513,model.layers.31.mlp.up_proj,"[2.3460598e-01 3.0271995e-01 3.2095784e-01 ... 6.2949440e+01 9.4919769e+01
 3.0386069e+02]",10986.716796875,7.752167015152038
223,5.325969219207764,13.91208553314209,0.07892757654190063,model.layers.31.mlp.down_proj,"[ 0.28698593  0.2911011   0.29673603 ... 11.397073   11.632413
 13.912086  ]",8099.5263671875,6.089671870909227
224,5.949070930480957,8106.58642578125,0.05113881826400757,lm_head,"[1.5995036e+00 2.8921349e+00 2.9550421e+00 ... 2.0594879e+02 2.8548532e+02
 8.1065864e+03]",97884.8515625,23.253954619810376
